trade_date,open,high,low,close,vol,upper_channel,lower_channel,TR,ATR
2025-01-02,39.35,39.5,38.34,38.51,642000.7,,,1.1599999999999966,
2025-01-03,38.6,39.04,38.54,38.66,682583.06,,,0.5300000000000011,
2025-01-06,38.9,39.1,38.13,39.05,617158.63,,,0.9699999999999989,
2025-01-07,38.97,39.15,38.61,38.9,492752.05,,,0.5399999999999991,
2025-01-08,38.83,39.55,38.82,39.28,751481.02,,,0.7299999999999969,
2025-01-09,39.4,39.43,38.83,39.0,447083.35,,,0.6000000000000014,
2025-01-10,39.34,39.45,38.81,38.98,481424.8,,,0.6400000000000006,
2025-01-13,38.93,39.15,38.54,39.07,606322.74,,,0.6099999999999994,
2025-01-14,39.09,39.97,38.9,39.85,708011.88,,,1.0700000000000003,
2025-01-15,39.99,41.0,39.89,40.64,796700.88,,,1.1499999999999986,
2025-01-16,40.65,41.15,40.53,40.99,592593.86,,,0.6199999999999974,
2025-01-17,40.96,41.16,40.13,40.71,475900.5,,,1.029999999999994,
2025-01-20,40.98,41.07,40.11,40.12,542574.82,,,0.9600000000000009,
2025-01-21,40.32,40.51,40.01,40.14,400685.06,,,0.5,
2025-01-22,40.14,40.16,39.32,39.45,588912.22,,,0.8399999999999963,
2025-01-23,39.67,40.23,39.52,39.83,606618.1,,,0.779999999999994,
2025-01-24,39.66,40.55,39.46,40.26,574652.34,,,1.0899999999999963,
2025-01-27,40.58,40.97,40.55,40.65,526060.47,,,0.7100000000000009,
2025-02-05,40.85,40.9,39.9,40.0,504788.89,,,1.0,
2025-02-06,40.0,40.38,39.73,40.2,466088.42,,,0.6500000000000057,0.8089999999999989
2025-02-07,40.1,40.4,39.96,40.2,521066.18,41.16,38.13,0.4399999999999977,0.772999999999999
2025-02-10,40.2,40.92,39.96,40.6,581805.95,41.16,38.13,0.9600000000000009,0.794499999999999
2025-02-11,40.75,41.04,40.64,40.98,457771.19,41.16,38.13,0.4399999999999977,0.7679999999999989
2025-02-12,40.96,41.66,40.56,41.62,603591.49,41.16,38.54,1.0999999999999943,0.7959999999999987
2025-02-13,41.65,41.95,41.34,41.71,462206.98,41.66,38.54,0.6099999999999994,0.7899999999999988
2025-02-14,41.69,42.03,41.52,42.03,498736.9,41.95,38.54,0.509999999999998,0.7854999999999986
2025-02-17,41.99,41.99,41.36,41.72,536125.61,42.03,38.54,0.6700000000000017,0.7869999999999987
2025-02-18,41.51,42.48,41.51,42.05,546665.39,42.03,38.54,0.9699999999999989,0.8049999999999986
2025-02-19,42.0,42.15,41.76,41.98,374702.23,42.48,38.9,0.39000000000000057,0.7709999999999987
2025-02-20,42.0,42.09,41.68,41.85,407675.08,42.48,39.32,0.4100000000000037,0.7339999999999989
2025-02-21,41.96,41.99,41.22,41.4,595255.79,42.48,39.32,0.7700000000000031,0.7414999999999992
2025-02-24,41.39,41.75,41.1,41.27,571107.09,42.48,39.32,0.6499999999999986,0.7224999999999995
2025-02-25,41.15,41.44,40.91,41.03,507321.2,42.48,39.32,0.5300000000000011,0.7009999999999994
2025-02-26,41.13,41.7,41.05,41.48,476446.61,42.48,39.32,0.6700000000000017,0.7094999999999996
2025-02-27,41.6,42.4,41.28,42.38,622596.57,42.48,39.32,1.1199999999999974,0.7234999999999996
2025-02-28,42.38,42.66,42.05,42.05,705423.65,42.48,39.46,0.6099999999999994,0.7149999999999999
2025-03-03,42.12,42.62,41.95,42.05,470149.02,42.66,39.46,0.6699999999999946,0.6939999999999997
2025-03-04,41.91,42.1,41.77,41.8,317245.42,42.66,39.73,0.3299999999999983,0.6749999999999996
2025-03-05,41.96,42.91,41.75,42.89,632037.43,42.66,39.73,1.1599999999999966,0.6829999999999995
2025-03-06,42.89,43.1,42.45,42.96,572053.04,42.91,39.73,0.6499999999999986,0.6829999999999992
2025-03-07,42.9,43.8,42.85,43.57,605413.19,43.1,39.96,0.9499999999999957,0.708499999999999
2025-03-10,43.49,43.58,42.82,43.07,508749.71,43.8,39.96,0.759999999999998,0.6984999999999989
2025-03-11,42.77,43.64,42.71,43.51,565741.09,43.8,40.56,0.9299999999999997,0.722999999999999
2025-03-12,43.5,43.86,43.25,43.54,418258.36,43.8,40.56,0.6099999999999994,0.6984999999999992
2025-03-13,43.6,44.38,43.5,43.84,585539.28,43.86,40.91,0.8800000000000026,0.7119999999999994
2025-03-14,44.0,45.47,43.94,45.16,911275.35,44.38,40.91,1.6299999999999955,0.7679999999999992
2025-03-17,45.32,45.5,44.98,45.04,654209.73,45.47,40.91,0.5200000000000031,0.7604999999999993
2025-03-18,45.29,45.38,44.82,45.14,428220.01,45.5,40.91,0.5600000000000023,0.7399999999999995
2025-03-19,45.28,46.1,45.1,46.02,670705.94,45.5,40.91,1.0,0.7704999999999995
2025-03-20,45.92,45.92,44.78,45.24,678656.03,46.1,40.91,1.240000000000002,0.8119999999999994
2025-03-21,45.12,45.34,44.52,44.7,675411.7,46.1,40.91,0.8200000000000003,0.8144999999999992
2025-03-24,44.55,45.19,44.55,45.05,449576.19,46.1,40.91,0.6400000000000006,0.8139999999999994
2025-03-25,45.0,45.5,44.95,45.09,356871.55,46.1,40.91,0.5499999999999972,0.8149999999999992
2025-03-26,44.5,44.59,42.61,42.66,1578326.32,46.1,41.05,2.480000000000004,0.9054999999999993
2025-03-27,42.75,43.74,42.74,43.26,827950.81,46.1,41.28,1.0800000000000054,0.9034999999999996
2025-03-28,43.3,43.45,43.06,43.22,386184.09,46.1,41.75,0.39000000000000057,0.8924999999999997
2025-03-31,43.21,43.78,42.61,43.29,539568.88,46.1,41.75,1.1700000000000017,0.9175000000000001
2025-04-01,43.28,43.29,42.75,42.87,389360.35,46.1,41.75,0.5399999999999991,0.9280000000000002
2025-04-02,42.87,43.15,42.68,42.73,331201.89,46.1,41.75,0.46999999999999886,0.8935000000000002
2025-04-03,42.02,42.85,42.02,42.65,464165.5,46.1,42.45,0.8299999999999983,0.9025000000000002
2025-04-07,40.94,42.0,39.39,40.83,1815632.92,46.1,42.02,3.259999999999998,1.0180000000000002
2025-04-08,40.78,41.2,40.44,41.15,1610477.36,46.1,39.39,0.7600000000000051,1.0180000000000007
2025-04-09,40.6,41.02,40.3,40.46,973969.35,46.1,39.39,0.8500000000000014,1.0140000000000007
2025-04-10,40.99,41.45,40.55,41.1,743788.75,46.1,39.39,0.990000000000002,1.0330000000000008
2025-04-11,41.11,41.69,40.81,41.51,583056.91,46.1,39.39,0.8799999999999955,1.0330000000000006
2025-04-14,41.68,41.91,41.41,41.48,482159.84,46.1,39.39,0.5,0.9765000000000008
2025-04-15,41.49,42.29,41.45,42.1,614563.86,46.1,39.39,0.8399999999999963,0.9925000000000004
2025-04-16,41.98,42.58,41.82,42.25,576293.58,46.1,39.39,0.759999999999998,1.0025000000000002
2025-04-17,42.12,42.36,41.85,42.12,405792.88,46.1,39.39,0.509999999999998,0.9780000000000001
2025-04-18,42.13,42.79,42.05,42.75,435001.28,45.92,39.39,0.740000000000002,0.9530000000000001
2025-04-21,42.66,43.08,42.28,42.28,416465.85,45.5,39.39,0.7999999999999972,0.952
2025-04-22,42.31,42.54,42.01,42.01,433788.13,45.5,39.39,0.5300000000000011,0.9465
2025-04-23,42.3,42.3,41.77,41.99,467743.59,45.5,39.39,0.529999999999994,0.9454999999999998
2025-04-24,42.0,42.38,41.95,42.21,413651.85,44.59,39.39,0.4299999999999997,0.8429999999999996
2025-04-25,42.29,42.55,42.04,42.08,424349.93,43.78,39.39,0.509999999999998,0.8144999999999992
2025-04-28,42.15,42.56,42.03,42.35,386973.17,43.78,39.39,0.5300000000000011,0.8214999999999992
2025-04-29,42.35,42.65,42.0,42.0,457698.53,43.78,39.39,0.6499999999999986,0.7954999999999991
2025-04-30,41.64,41.64,40.51,40.74,1172682.1,43.29,39.39,1.490000000000002,0.8429999999999993
2025-05-06,40.9,41.41,40.51,41.37,666409.99,43.15,39.39,0.8999999999999986,0.8644999999999993
2025-05-07,41.79,42.23,41.31,42.02,712913.88,43.08,39.39,0.9199999999999946,0.8689999999999991
2025-05-08,42.01,43.42,42.0,42.8,833809.64,43.08,39.39,1.4200000000000017,0.7769999999999992
2025-05-09,42.8,43.6,42.8,43.48,668154.72,43.42,40.3,0.8000000000000043,0.7789999999999992
2025-05-12,43.45,44.4,43.11,43.8,848974.09,43.6,40.3,1.2899999999999991,0.800999999999999
2025-05-13,44.09,44.65,43.85,44.56,699124.17,44.4,40.51,0.8500000000000014,0.793999999999999
2025-05-14,44.55,45.3,44.32,44.81,712790.18,44.65,40.51,0.9799999999999969,0.7989999999999992
2025-05-15,44.83,45.38,44.65,44.92,684600.48,45.3,40.51,0.730000000000004,0.8104999999999993
2025-05-16,44.75,44.98,44.03,44.27,619655.35,45.38,40.51,0.9499999999999957,0.8159999999999993
2025-05-19,44.2,44.46,43.75,43.84,502817.01,45.38,40.51,0.7100000000000009,0.8134999999999994
2025-05-20,44.03,44.61,43.87,43.9,500534.83,45.38,40.51,0.769999999999996,0.8264999999999993
2025-05-21,43.95,44.37,43.84,43.9,499200.35,45.38,40.51,0.529999999999994,0.815999999999999
2025-05-22,43.9,44.56,43.75,44.51,565655.62,45.38,40.51,0.8100000000000023,0.8164999999999992
2025-05-23,44.51,44.68,43.9,44.05,541460.09,45.38,40.51,0.7800000000000011,0.8289999999999992
2025-05-26,43.89,44.17,43.63,43.8,456099.75,45.38,40.51,0.5399999999999991,0.8294999999999995
2025-05-27,43.8,44.15,43.67,43.74,363750.01,45.38,40.51,0.4799999999999969,0.8319999999999993
2025-05-28,43.78,44.05,43.6,43.68,300355.24,45.38,40.51,0.44999999999999574,0.8289999999999992
2025-05-29,43.7,43.95,43.45,43.47,492989.7,45.38,40.51,0.5,0.8274999999999991
2025-05-30,43.55,43.88,43.35,43.43,571391.44,45.38,40.51,0.5300000000000011,0.8214999999999992
2025-06-03,43.5,44.43,43.5,43.97,503685.13,45.38,40.51,1.0,0.7969999999999992
2025-06-04,44.05,44.27,43.9,44.06,373416.67,45.38,40.51,0.37000000000000455,0.7704999999999995
2025-06-05,44.06,44.42,44.0,44.37,421316.8,45.38,41.31,0.4200000000000017,0.7454999999999998
2025-06-06,44.45,44.71,44.3,44.47,373498.95,45.38,42.0,0.4100000000000037,0.695
2025-06-09,44.6,44.68,44.21,44.6,474774.46,45.38,42.8,0.46999999999999886,0.6784999999999997
2025-06-10,44.57,45.05,44.45,44.67,528348.92,45.38,43.11,0.5999999999999943,0.6439999999999995
2025-06-11,44.72,45.68,44.72,45.31,776761.08,45.38,43.35,1.009999999999998,0.6519999999999992
2025-06-12,45.4,45.65,45.1,45.23,452390.7,45.68,43.35,0.5499999999999972,0.6304999999999993
2025-06-13,45.24,45.35,44.95,45.18,474080.56,45.68,43.35,0.3999999999999986,0.613999999999999
2025-06-16,45.08,45.81,44.95,45.78,414474.35,45.68,43.35,0.8599999999999994,0.6094999999999992
2025-06-17,45.88,46.05,45.71,45.98,474209.01,45.81,43.35,0.3399999999999963,0.590999999999999
2025-06-18,45.92,46.07,45.65,45.85,426428.59,46.05,43.35,0.4200000000000017,0.5734999999999992
2025-06-19,45.84,46.06,45.37,45.63,513454.3,46.07,43.35,0.6900000000000048,0.5814999999999998
2025-06-20,45.73,46.18,45.55,45.99,448156.52,46.07,43.35,0.6300000000000026,0.5724999999999998
2025-06-23,45.9,46.34,45.43,46.25,538931.48,46.18,43.35,0.9100000000000037,0.579
2025-06-24,46.31,47.0,46.18,46.75,655814.61,46.34,43.35,0.8200000000000003,0.593
2025-06-25,46.75,47.5,46.59,47.5,607679.87,47.0,43.35,0.9099999999999966,0.6144999999999999
2025-06-26,47.49,47.88,47.05,47.88,590200.64,47.5,43.35,0.8300000000000054,0.6335000000000004
2025-06-27,47.85,47.87,46.04,46.22,954143.2,47.88,43.35,1.8400000000000034,0.7005000000000006
2025-06-30,46.13,46.29,45.77,45.95,624613.63,47.88,43.35,0.519999999999996,0.7000000000000004
2025-07-01,45.96,46.67,45.92,46.45,450613.09,47.88,43.5,0.75,0.6875000000000003
2025-07-02,46.7,47.16,46.45,46.9,518563.18,47.88,43.9,0.7099999999999937,0.7044999999999998
2025-07-03,46.9,46.95,46.34,46.61,556225.76,47.88,44.0,0.6099999999999994,0.7139999999999997
2025-07-04,46.6,47.5,46.4,47.07,678948.32,47.88,44.21,1.1000000000000014,0.7484999999999996
2025-07-07,47.07,47.3,46.7,47.2,567427.42,47.88,44.21,0.5999999999999943,0.7549999999999993
2025-07-08,47.28,47.67,47.1,47.62,637421.01,47.88,44.45,0.5700000000000003,0.7534999999999996
2025-07-09,47.5,47.77,47.13,47.13,614566.35,47.88,44.72,0.6400000000000006,0.7349999999999998
2025-07-10,47.1,48.55,47.1,48.24,1219784.04,47.88,44.95,1.4499999999999957,0.7799999999999997
2025-07-11,46.28,46.5,45.62,45.64,1184442.84,48.55,44.95,2.6200000000000045,0.891
2025-07-14,45.65,46.09,45.44,45.57,648484.37,48.55,44.95,0.6500000000000057,0.8805000000000003
2025-07-15,45.77,45.92,44.8,45.22,666206.26,48.55,45.37,1.1200000000000045,0.9195000000000008
2025-07-16,45.26,45.54,44.88,45.11,468186.39,48.55,44.8,0.6599999999999966,0.9315000000000004
2025-07-17,45.1,45.33,44.91,45.0,416895.06,48.55,44.8,0.4200000000000017,0.9180000000000004
2025-07-18,45.05,45.16,44.74,45.05,543430.57,48.55,44.8,0.4199999999999946,0.9075
2025-07-21,45.05,45.23,44.83,44.85,566412.01,48.55,44.74,0.3999999999999986,0.8819999999999997
2025-07-22,44.85,44.98,44.21,44.94,922319.06,48.55,44.74,0.769999999999996,0.8794999999999995
2025-07-23,44.97,45.7,44.96,45.12,853249.05,48.55,44.21,0.7600000000000051,0.8719999999999999
2025-07-24,45.21,45.36,44.8,44.88,826620.13,48.55,44.21,0.5600000000000023,0.8584999999999997
2025-07-25,44.84,45.17,44.75,44.83,696264.23,48.55,44.21,0.4200000000000017,0.7874999999999996
2025-07-28,44.8,45.16,44.41,44.44,635127.2,48.55,44.21,0.75,0.7989999999999998
2025-07-29,44.44,44.8,44.14,44.14,785812.82,48.55,44.21,0.6599999999999966,0.7944999999999997
2025-07-30,44.17,44.75,43.93,44.42,725460.85,48.55,44.14,0.8200000000000003,0.8
2025-07-31,44.4,44.56,43.85,44.48,733195.17,48.55,43.93,0.7100000000000009,0.805
2025-08-01,44.5,44.97,44.35,44.42,594620.94,48.55,43.85,0.6199999999999974,0.7809999999999999
2025-08-04,44.31,44.97,44.31,44.9,498008.32,48.55,43.85,0.6599999999999966,0.784
2025-08-05,44.78,45.4,44.64,45.25,555258.3,48.55,43.85,0.759999999999998,0.7934999999999999
2025-08-06,45.29,45.73,45.11,45.12,430296.4,48.55,43.85,0.6199999999999974,0.7924999999999998
2025-08-07,45.12,45.6,44.96,45.15,440643.25,48.55,43.85,0.6400000000000006,0.752
2025-08-08,45.2,45.28,44.53,44.53,456421.53,46.5,43.85,0.75,0.6584999999999998
2025-08-11,44.53,44.63,44.1,44.1,536723.71,46.09,43.85,0.5300000000000011,0.6524999999999995
2025-08-12,44.13,44.48,44.0,44.0,562252.43,45.92,43.85,0.4799999999999969,0.6204999999999992
2025-08-13,44.14,44.25,43.49,43.54,876737.36,45.73,43.85,0.759999999999998,0.6254999999999992
2025-08-14,43.55,43.94,43.5,43.78,676351.68,45.73,43.49,0.4399999999999977,0.626499999999999
2025-08-15,43.66,43.74,43.3,43.3,932956.84,45.73,43.49,0.480000000000004,0.6294999999999995
2025-08-18,43.1,43.67,42.89,43.51,926397.38,45.73,43.3,0.7800000000000011,0.6484999999999996
2025-08-19,43.45,43.7,43.29,43.4,574118.52,45.73,42.89,0.4100000000000037,0.6305
2025-08-20,43.3,43.63,43.15,43.45,547240.13,45.73,42.89,0.480000000000004,0.6164999999999999
2025-08-21,43.5,43.59,43.23,43.47,578540.02,45.73,42.89,0.36000000000000654,0.6065000000000002
2025-08-22,43.47,43.48,43.04,43.26,794496.25,45.73,42.89,0.4399999999999977,0.6074999999999999
2025-08-25,43.32,43.87,43.11,43.87,907389.9,45.73,42.89,0.759999999999998,0.6079999999999999
2025-08-26,43.89,44.02,43.42,43.52,755722.31,45.73,42.89,0.6000000000000014,0.6050000000000001
2025-08-27,43.5,43.66,43.0,43.0,758140.78,45.73,42.89,0.6599999999999966,0.5969999999999999
2025-08-28,43.02,43.3,42.6,42.98,822425.57,45.73,42.89,0.6999999999999957,0.5964999999999996
2025-08-29,42.98,43.99,42.89,42.89,1360878.99,45.73,42.6,1.1000000000000014,0.6204999999999998
2025-09-01,42.62,42.64,41.88,41.98,1276333.29,45.73,42.6,1.009999999999998,0.6379999999999999
2025-09-02,41.86,43.5,41.86,43.44,1452141.14,45.73,41.88,1.6400000000000006,0.682
2025-09-03,43.44,43.57,42.7,42.9,818405.6,45.73,41.86,0.8699999999999974,0.6945
2025-09-04,42.81,43.32,42.14,43.05,935363.28,45.6,41.86,1.1799999999999997,0.7215
2025-09-05,43.0,43.02,42.53,42.76,572328.38,45.28,41.86,0.519999999999996,0.7099999999999997
2025-09-08,42.7,43.1,42.37,42.43,851681.62,44.63,41.86,0.730000000000004,0.72
2025-09-09,42.42,42.88,42.4,42.83,589526.53,44.48,41.86,0.480000000000004,0.7200000000000003
2025-09-10,42.8,43.15,42.56,43.0,471386.94,44.25,41.86,0.5899999999999963,0.7115000000000002
2025-09-11,43.13,43.33,42.78,43.3,650730.72,44.02,41.86,0.5499999999999972,0.7170000000000002
2025-09-12,43.38,43.47,42.42,42.54,823140.03,44.02,41.86,1.0499999999999972,0.7454999999999998
2025-09-15,42.48,42.79,42.11,42.22,699491.06,44.02,41.86,0.6799999999999997,0.7404999999999997
2025-09-16,42.32,42.43,41.66,41.75,859050.78,44.02,41.86,0.7700000000000031,0.7584999999999997
2025-09-17,41.76,42.19,41.7,41.76,572362.58,44.02,41.66,0.4899999999999949,0.7589999999999992
2025-09-18,41.78,41.84,40.8,40.83,1003522.4,44.02,41.66,1.0400000000000063,0.7929999999999993
2025-09-19,40.8,41.53,40.55,41.0,836563.07,44.02,40.8,0.980000000000004,0.8199999999999996
2025-09-22,41.15,41.37,40.8,40.92,656110.3,44.02,40.55,0.5700000000000003,0.8104999999999997
2025-09-23,40.98,41.75,40.63,41.55,938850.81,44.02,40.55,1.1199999999999974,0.8364999999999995
2025-09-24,41.5,41.89,41.29,41.32,643899.51,43.99,40.55,0.6000000000000014,0.8334999999999997
2025-09-25,41.32,41.36,40.81,40.82,666948.87,43.99,40.55,0.5499999999999972,0.8259999999999998
2025-09-26,40.81,41.0,40.3,40.8,682766.67,43.99,40.55,0.7000000000000028,0.8059999999999998
2025-09-29,40.77,41.29,40.36,40.68,835550.55,43.57,40.3,0.9299999999999997,0.8019999999999999
2025-09-30,40.65,40.79,40.41,40.41,700025.2,43.57,40.3,0.38000000000000256,0.7390000000000001
2025-10-09,40.21,40.44,39.82,40.33,972319.53,43.57,40.3,0.6199999999999974,0.7265
2025-10-10,40.3,40.65,40.13,40.18,955049.79,43.47,39.82,0.519999999999996,0.6934999999999999
2025-10-13,39.76,40.3,39.7,40.11,1065936.17,43.47,39.82,0.5999999999999943,0.6974999999999998
2025-10-14,40.09,41.49,39.83,41.26,1733826.68,43.47,39.7,1.6600000000000037,0.7439999999999998
2025-10-15,41.25,41.57,41.01,41.5,1062767.02,43.47,39.7,0.5600000000000023,0.7479999999999997
2025-10-16,41.5,41.99,41.13,41.93,1062487.76,43.47,39.7,0.8599999999999994,0.7614999999999998
2025-10-17,41.88,42.22,41.38,41.59,829827.05,43.47,39.7,0.8399999999999963,0.7759999999999998
2025-10-20,41.61,41.79,41.1,41.42,649477.29,43.47,39.7,0.6899999999999977,0.7579999999999998
2025-10-21,41.49,42.1,41.49,41.98,759931.24,42.79,39.7,0.6799999999999997,0.7579999999999998
2025-10-22,41.98,42.2,41.73,41.95,551333.64,42.43,39.7,0.47000000000000597,0.743
2025-10-23,41.95,42.49,41.78,42.24,713173.73,42.22,39.7,0.7100000000000009,0.7540000000000002
2025-10-24,42.35,42.45,41.85,41.95,698831.94,42.49,39.7,0.6000000000000014,0.732
2025-10-27,41.9,41.97,41.42,41.59,988948.62,42.49,39.7,0.5499999999999972,0.7104999999999997
2025-10-28,41.62,41.72,41.23,41.6,705950.74,42.49,39.7,0.490000000000002,0.7064999999999998
2025-10-29,41.53,41.53,40.69,40.77,910987.6,42.49,39.7,0.9100000000000037,0.6960000000000001
2025-10-30,40.8,41.36,40.73,41.2,1131538.44,42.49,39.7,0.6300000000000026,0.6975000000000001
2025-10-31,41.26,41.3,40.84,40.89,702607.0,42.49,39.7,0.45999999999999375,0.693
2025-11-03,41.14,41.97,41.06,41.79,921980.68,42.49,39.7,1.0799999999999983,0.7119999999999997
2025-11-04,41.84,43.11,41.81,43.01,1340035.92,42.49,39.7,1.3200000000000003,0.7314999999999998
2025-11-05,43.1,43.47,42.75,42.8,731713.77,43.11,39.7,0.7199999999999989,0.7484999999999996
2025-11-06,42.65,42.89,42.31,42.34,871972.74,43.47,39.7,0.5799999999999983,0.7464999999999996
2025-11-07,42.4,42.72,42.28,42.51,593191.18,43.47,39.7,0.4399999999999977,0.7424999999999997
2025-11-10,42.45,42.88,42.28,42.72,532368.73,43.47,39.7,0.6000000000000014,0.7425
2025-11-11,42.69,43.04,42.52,42.96,544670.66,43.47,39.83,0.519999999999996,0.6854999999999997
2025-11-12,43.12,43.36,42.93,42.93,587928.78,43.47,40.69,0.4299999999999997,0.6789999999999996
2025-11-13,42.97,43.3,42.74,43.21,587980.06,43.47,40.69,0.5599999999999952,0.6639999999999994
2025-11-14,43.24,43.59,43.18,43.25,518209.55,43.47,40.69,0.4100000000000037,0.6424999999999997
2025-11-17,43.1,43.2,42.5,42.65,610674.46,43.59,40.69,0.75,0.6454999999999999
2025-11-18,42.56,42.91,42.44,42.88,517439.27,43.59,40.69,0.46999999999999886,0.6349999999999998
2025-11-19,42.88,43.5,42.8,43.22,511696.39,43.59,40.69,0.7000000000000028,0.6464999999999996
2025-11-20,43.22,43.79,43.05,43.23,585851.52,43.59,40.69,0.740000000000002,0.6479999999999997
2025-11-21,43.24,43.55,42.76,43.0,791264.05,43.79,40.69,0.7899999999999991,0.6574999999999995
2025-11-24,43.1,43.21,42.51,42.63,678548.82,43.79,40.69,0.7000000000000028,0.6649999999999998
2025-11-25,42.66,43.3,42.44,43.25,666409.49,43.79,40.69,0.8599999999999994,0.6834999999999998
2025-11-26,43.34,43.63,42.97,43.25,451072.06,43.79,40.69,0.6600000000000037,0.6709999999999997
2025-11-27,43.18,43.39,42.6,43.19,621434.34,43.79,40.73,0.7899999999999991,0.6789999999999996
2025-11-28,43.1,43.12,42.82,42.95,494657.89,43.79,40.84,0.36999999999999744,0.6744999999999998
2025-12-01,43.08,43.47,42.93,43.44,567919.42,43.79,41.06,0.5399999999999991,0.6474999999999997
2025-12-02,43.44,43.65,43.22,43.38,406734.97,43.79,41.81,0.4299999999999997,0.6029999999999998
2025-12-03,43.27,43.58,43.0,43.01,468959.72,43.79,42.28,0.5799999999999983,0.5959999999999998
2025-12-04,43.05,43.42,43.01,43.22,361207.46,43.79,42.28,0.4100000000000037,0.5875
2025-12-05,43.25,43.55,42.91,43.45,548906.22,43.79,42.28,0.6400000000000006,0.5975000000000001
2025-12-08,43.44,43.64,43.07,43.18,580038.81,43.79,42.28,0.5700000000000003,0.5960000000000001
2025-12-09,43.18,43.3,42.83,43.04,465938.7,43.79,42.44,0.46999999999999886,0.5935000000000002
2025-12-10,43.08,43.08,41.55,41.7,1083156.86,43.79,42.44,1.5300000000000011,0.6485000000000003
2025-12-11,41.86,42.05,41.41,41.68,846231.07,43.79,41.55,0.6400000000000006,0.6525000000000005
2025-12-12,41.75,41.83,41.48,41.74,717625.47,43.79,41.41,0.3500000000000014,0.6495000000000004
2025-12-15,41.74,42.28,41.63,41.8,562665.57,43.79,41.41,0.6499999999999986,0.6445000000000004
2025-12-16,41.78,42.13,41.43,41.7,566176.35,43.79,41.41,0.7000000000000028,0.6560000000000006
2025-12-17,41.6,41.85,41.23,41.52,631267.44,43.79,41.41,0.6200000000000045,0.6520000000000007
2025-12-18,41.54,42.42,41.4,42.37,768119.31,43.79,41.23,1.0200000000000031,0.6660000000000007
2025-12-19,42.37,42.48,41.91,41.99,573823.41,43.65,41.23,0.5700000000000003,0.6550000000000008
2025-12-22,42.08,42.13,41.71,41.77,524739.89,43.65,41.23,0.4200000000000017,0.6410000000000007
2025-12-23,41.74,42.04,41.66,41.91,606510.14,43.65,41.23,0.38000000000000256,0.6170000000000009
2025-12-24,41.93,41.99,41.55,41.83,536305.2,43.65,41.23,0.44000000000000483,0.606000000000001
2025-12-25,41.93,42.08,41.7,41.78,499213.51,43.65,41.23,0.37999999999999545,0.5855000000000008
2025-12-26,41.79,41.88,41.62,41.7,508809.59,43.65,41.23,0.2600000000000051,0.5800000000000012
2025-12-29,41.66,41.93,41.42,41.87,682551.05,43.65,41.23,0.509999999999998,0.5785000000000011
2025-12-30,41.9,42.48,41.78,42.28,834782.93,43.65,41.23,0.6999999999999957,0.5920000000000009
2025-12-31,42.24,42.33,41.92,42.1,554142.39,43.64,41.23,0.4099999999999966,0.5835000000000008
2026-01-05,42.48,42.8,42.27,42.35,840829.64,43.64,41.23,0.6999999999999957,0.5980000000000004
2026-01-06,42.45,42.79,42.09,42.73,923714.82,43.64,41.23,0.6999999999999957,0.6010000000000002
2026-01-07,42.75,43.02,42.14,42.15,880559.52,43.64,41.23,0.8800000000000026,0.6165000000000003
2026-01-08,42.2,42.25,41.3,41.58,1115726.92,43.3,41.23,0.9500000000000028,0.6405000000000005
2026-01-09,41.54,41.76,41.12,41.3,985470.74,43.08,41.23,0.6400000000000006,0.5960000000000004
2026-01-12,41.3,41.43,41.0,41.12,1186640.58,43.02,41.12,0.4299999999999997,0.5855000000000004
2026-01-13,41.2,41.38,41.03,41.13,1159364.73,43.02,41.0,0.3500000000000014,0.5855000000000004
2026-01-14,41.13,41.17,40.06,40.07,1917743.8,43.02,41.0,1.1099999999999994,0.6085000000000005
2026-01-15,40.11,40.42,40.0,40.11,1217270.94,43.02,40.06,0.4200000000000017,0.5945000000000004
2026-01-16,39.49,39.5,38.65,38.72,1525245.3,43.02,40.0,1.4600000000000009,0.6365000000000002
2026-01-19,38.73,38.92,38.5,38.55,988702.73,43.02,38.65,0.4200000000000017,0.6065000000000002
2026-01-20,38.57,39.13,38.51,38.73,1113873.22,43.02,38.5,0.6200000000000045,0.6090000000000003
2026-01-21,38.92,38.94,38.18,38.24,1214999.85,43.02,38.5,0.759999999999998,0.6260000000000001
2026-01-22,38.27,38.58,37.8,37.85,1877546.33,43.02,38.18,0.7800000000000011,0.6460000000000001
2026-01-23,37.85,38.17,37.38,37.5,1892112.73,43.02,37.8,0.7899999999999991,0.6634999999999998
2026-01-26,37.5,38.3,37.31,38.02,2166794.16,43.02,37.38,0.9899999999999949,0.6939999999999997
2026-01-27,38.06,38.51,37.87,38.1,1572406.27,43.02,37.31,0.6400000000000006,0.7129999999999995
2026-01-28,38.12,38.44,37.7,37.8,2041666.88,43.02,37.31,0.7399999999999949,0.7244999999999994
2026-01-29,37.88,38.65,37.55,38.53,1999981.87,43.02,37.31,1.1000000000000014,0.7444999999999997
2026-01-30,38.53,39.17,38.53,38.67,1660843.03,43.02,37.31,0.6400000000000006,0.7559999999999999
2026-02-02,38.88,39.3,38.41,38.45,1384978.88,43.02,37.31,0.8900000000000006,0.7655000000000001
2026-02-03,38.67,38.67,38.14,38.3,842791.56,43.02,37.31,0.5300000000000011,0.7570000000000003
2026-02-04,38.3,39.02,38.26,39.01,1021316.28,43.02,37.31,0.7600000000000051,0.7510000000000006
2026-02-05,38.94,39.92,38.91,39.71,1218894.52,42.25,37.31,1.0100000000000051,0.7540000000000007
2026-02-06,39.7,39.95,39.31,39.6,802979.78,41.76,37.31,0.6400000000000006,0.7540000000000007
2026-02-09,39.6,39.74,39.33,39.48,658948.91,41.43,37.31,0.4100000000000037,0.7530000000000008
2026-02-10,39.49,39.56,39.31,39.34,495964.65,41.38,37.31,0.25,0.7480000000000008
2026-02-11,39.36,39.45,39.2,39.4,528816.96,41.17,37.31,0.25,0.7050000000000007
2026-02-12,39.4,39.42,38.73,38.99,777525.71,40.42,37.31,0.6900000000000048,0.7185000000000009
2026-02-13,38.95,39.09,38.63,38.71,705370.32,39.95,37.31,0.46000000000000085,0.668500000000001
2026-02-24,39.2,39.41,38.82,38.94,754674.38,39.95,37.31,0.6999999999999957,0.6825000000000007
2026-02-25,38.9,39.15,38.72,38.78,723971.49,39.95,37.31,0.4299999999999997,0.6730000000000004
2026-02-26,38.8,39.02,38.5,38.7,593325.34,39.95,37.31,0.5200000000000031,0.6610000000000007
2026-02-27,38.75,38.95,38.64,38.75,637034.72,39.95,37.31,0.3100000000000023,0.6375000000000007
2026-03-02,38.6,38.87,38.42,38.67,685473.13,39.95,37.31,0.44999999999999574,0.6205000000000005
2026-03-03,38.66,39.55,38.56,39.18,1384656.42,39.95,37.31,0.9899999999999949,0.6205000000000005
2026-03-04,39.01,39.03,38.01,38.6,1151939.02,39.95,37.55,1.1700000000000017,0.6470000000000006
2026-03-05,38.66,39.24,38.63,39.15,783369.79,39.95,37.55,0.6400000000000006,0.6420000000000009
2026-03-06,39.1,39.32,38.95,39.2,465956.67,39.95,37.55,0.36999999999999744,0.6055000000000007
2026-03-09,38.9,39.18,38.75,38.79,766774.9,39.95,38.01,0.45000000000000284,0.5960000000000008
2026-03-10,38.94,39.24,38.8,39.22,613717.0,39.95,38.01,0.45000000000000284,0.574000000000001
2026-03-11,39.3,39.5,38.95,39.5,689407.1,39.95,38.01,0.5499999999999972,0.5750000000000007
2026-03-12,39.45,39.58,39.33,39.5,527723.3,39.95,38.01,0.25,0.5495000000000004
2026-03-13,39.46,40.05,39.35,39.76,765276.68,39.95,38.01,0.6999999999999957,0.534
2026-03-16,39.77,40.04,39.64,39.91,610944.51,40.05,38.01,0.3999999999999986,0.5219999999999999
2026-03-17,39.89,40.36,39.83,40.12,656229.27,40.05,38.01,0.5300000000000011,0.5279999999999998
2026-03-18,40.13,40.32,39.79,39.92,705831.41,40.36,38.01,0.5300000000000011,0.5419999999999998
2026-03-19,39.88,40.04,39.7,39.77,650246.84,40.36,38.01,0.3399999999999963,0.5464999999999997
2026-03-20,39.85,40.08,39.66,39.75,615802.73,40.36,38.01,0.4200000000000017,0.5329999999999995
2026-03-23,39.58,39.7,38.55,38.68,957738.29,40.36,38.01,1.2000000000000028,0.5699999999999996
2026-03-24,38.8,39.32,38.73,39.25,616336.42,40.36,38.01,0.6400000000000006,0.5669999999999998
2026-03-25,39.33,39.4,38.94,39.26,653816.69,40.36,38.01,0.46000000000000085,0.5684999999999999
2026-03-26,39.15,39.69,39.14,39.56,616790.07,40.36,38.01,0.5499999999999972,0.5699999999999996
2026-03-27,39.5,39.7,39.25,39.44,468006.71,40.36,38.01,0.45000000000000284,0.5769999999999996
2026-03-30,39.24,39.57,39.13,39.48,646054.1,40.36,38.01,0.4399999999999977,0.5764999999999997
2026-03-31,39.54,39.73,39.28,39.32,663096.71,40.36,38.01,0.44999999999999574,0.5494999999999998
2026-04-01,39.56,40.04,39.42,39.82,881525.81,40.36,38.01,0.7199999999999989,0.5269999999999996
2026-04-02,39.86,39.92,39.58,39.76,534629.88,40.36,38.55,0.3400000000000034,0.5119999999999998
2026-04-03,39.76,39.82,39.36,39.4,464485.37,40.36,38.55,0.46000000000000085,0.5165
2026-04-07,39.39,39.6,38.96,38.99,528366.61,40.36,38.55,0.6400000000000006,0.5259999999999998
2026-04-08,39.5,39.64,39.19,39.62,669497.89,40.36,38.55,0.6499999999999986,0.5359999999999996
2026-04-09,39.48,39.52,39.12,39.26,535854.05,40.36,38.55,0.5,0.5334999999999998
2026-04-10,39.32,39.38,39.13,39.21,543202.08,40.36,38.55,0.25,0.5334999999999998
2026-04-13,39.13,39.16,38.92,38.98,525144.95,40.36,38.55,0.28999999999999915,0.5129999999999999
2026-04-14,39.0,39.18,38.95,39.13,503998.61,40.36,38.55,0.22999999999999687,0.5044999999999998
2026-04-15,39.25,39.92,39.22,39.9,1052103.79,40.36,38.55,0.7899999999999991,0.5174999999999997
2026-04-16,39.9,40.15,39.75,39.91,617257.76,40.32,38.55,0.3999999999999986,0.5109999999999996
2026-04-17,39.85,39.9,39.5,39.52,587925.18,40.15,38.55,0.4099999999999966,0.5144999999999996
2026-04-20,39.5,39.9,39.33,39.87,588776.42,40.15,38.55,0.5700000000000003,0.5219999999999996
2026-04-21,39.91,40.15,39.86,39.87,545949.15,40.15,38.55,0.28999999999999915,0.47649999999999937
2026-04-22,39.87,40.03,39.62,39.74,507594.55,40.15,38.73,0.4100000000000037,0.4649999999999995
2026-04-23,39.72,39.86,39.52,39.81,569489.34,40.15,38.92,0.3399999999999963,0.4589999999999993
2026-04-24,39.74,39.8,39.36,39.38,629414.38,40.15,38.92,0.45000000000000284,0.45399999999999957
2026-04-27,39.52,39.99,39.32,39.38,926168.43,40.15,38.92,0.6700000000000017,0.4649999999999995
2026-04-28,39.38,39.63,39.26,39.6,669305.2,40.15,38.92,0.37000000000000455,0.46149999999999985
2026-04-29,38.91,39.02,38.34,38.5,2533117.17,40.15,38.92,1.259999999999998,0.502
2026-04-30,38.4,38.51,38.12,38.27,1169574.1,40.15,38.34,0.39000000000000057,0.48550000000000004
2026-05-06,38.29,38.35,37.82,38.0,1431771.03,40.15,38.12,0.5300000000000011,0.49499999999999994
2026-05-07,38.05,38.16,37.94,37.95,790089.87,40.15,37.82,0.21999999999999886,0.4829999999999998
2026-05-08,38.03,38.18,37.9,37.94,869539.12,40.15,37.82,0.28000000000000114,0.46499999999999986
2026-05-11,37.95,37.98,37.7,37.97,925489.34,40.15,37.82,0.27999999999999403,0.4464999999999996
2026-05-12,37.98,38.14,37.86,37.9,967299.29,40.15,37.7,0.28000000000000114,0.43549999999999967
2026-05-13,37.96,38.09,37.85,37.88,718304.16,40.15,37.7,0.240000000000002,0.4349999999999998
2026-05-14,37.81,38.02,37.73,37.81,867867.9,40.15,37.7,0.29000000000000625,0.43500000000000016
2026-05-15,37.81,37.97,37.61,37.65,821737.96,40.15,37.7,0.35999999999999943,0.4415000000000003
2026-05-18,37.65,37.66,37.35,37.47,707684.1,40.15,37.61,0.30999999999999517,0.4175000000000001
2026-05-19,37.48,37.74,37.34,37.37,719910.07,40.15,37.35,0.3999999999999986,0.4175000000000001
2026-05-20,37.37,37.44,37.17,37.17,693184.22,40.15,37.34,0.269999999999996,0.41050000000000003
2026-05-21,37.18,37.34,37.11,37.15,725199.69,40.15,37.17,0.23000000000000398,0.39350000000000024
2026-05-22,37.1,37.33,36.97,37.02,797617.12,40.15,37.11,0.35999999999999943,0.39700000000000024
2026-05-25,37.01,37.26,36.9,36.94,710668.33,40.03,36.97,0.35999999999999943,0.3945
2026-05-26,36.94,37.29,36.9,37.0,706202.9,39.99,36.9,0.39000000000000057,0.39700000000000024
2026-05-27,37.01,37.19,36.78,37.0,845146.27,39.99,36.9,0.4099999999999966,0.3949999999999999
2026-05-28,37.05,37.43,36.97,37.12,995791.06,39.99,36.78,0.46000000000000085,0.3844999999999999
2026-05-29,37.1,38.04,36.93,38.01,1531383.55,39.63,36.78,1.1099999999999994,0.42149999999999965
2026-06-01,38.0,38.2,37.8,38.2,961378.86,39.02,36.78,0.4000000000000057,0.3785
2026-06-02,38.16,38.88,38.05,38.8,1256969.53,38.51,36.78,0.8300000000000054,0.40050000000000024
2026-06-03,38.81,38.81,38.25,38.5,881274.54,38.88,36.78,0.5600000000000023,0.4020000000000003
2026-06-04,38.4,38.65,37.99,38.1,738841.28,38.88,36.78,0.6599999999999966,0.4240000000000002
2026-06-05,38.18,38.7,38.11,38.58,778709.0,38.88,36.78,0.6000000000000014,0.4400000000000002
2026-06-08,38.4,38.76,38.36,38.5,769477.67,38.88,36.78,0.3999999999999986,0.44600000000000045
2026-06-09,38.5,38.64,38.4,38.49,664500.37,38.88,36.78,0.240000000000002,0.4440000000000005
2026-06-10,38.45,39.08,38.38,38.9,935860.76,38.88,36.78,0.6999999999999957,0.4670000000000002
2026-06-11,38.93,39.09,38.57,38.73,594454.02,39.08,36.78,0.5200000000000031,0.47850000000000004
2026-06-12,38.59,39.35,38.34,39.34,1119833.9,39.09,36.78,1.009999999999998,0.5109999999999999
2026-06-15,39.21,39.37,38.73,38.95,977404.34,39.35,36.78,0.6400000000000006,0.5275000000000002
2026-06-16,38.81,38.89,38.41,38.57,789669.1,39.37,36.78,0.5400000000000063,0.5345000000000006
2026-06-17,38.68,38.85,38.14,38.23,660451.63,39.37,36.78,0.7100000000000009,0.5565000000000009
2026-06-18,38.15,38.2,37.26,37.26,1003460.53,39.37,36.78,0.9699999999999989,0.5935000000000006
2026-06-22,37.01,37.9,36.95,37.65,1100767.64,39.37,36.78,0.9499999999999957,0.6230000000000004
2026-06-23,37.65,38.19,37.35,37.4,1008007.29,39.37,36.78,0.8399999999999963,0.6470000000000002
2026-06-24,37.49,37.58,36.75,36.76,1236165.56,39.37,36.78,0.8299999999999983,0.6690000000000002
2026-06-25,36.73,36.99,36.2,36.23,1181162.25,39.37,36.75,0.7899999999999991,0.6880000000000003
2026-06-26,36.38,36.47,35.88,36.0,1055410.23,39.37,36.2,0.5899999999999963,0.6945
2026-06-29,35.9,36.72,35.4,36.42,1080734.61,39.37,35.88,1.3200000000000003,0.7050000000000001
2026-06-30,36.37,36.39,35.35,35.5,1099037.51,39.37,35.4,1.0700000000000003,0.7384999999999998
2026-07-01,35.52,36.12,35.28,35.91,891221.29,39.37,35.35,0.8399999999999963,0.7389999999999993
2026-07-02,36.28,36.8,36.13,36.6,944614.48,39.37,35.28,0.8900000000000006,0.7554999999999993
2026-07-03,36.67,37.06,36.35,36.83,853123.9,39.37,35.28,0.7100000000000009,0.7579999999999995
2026-07-06,36.7,37.76,36.52,37.73,971544.07,39.37,35.28,1.2399999999999949,0.7899999999999991
2026-07-07,37.72,37.86,37.3,37.55,652587.4,39.37,35.28,0.5600000000000023,0.7979999999999994
2026-07-08,37.36,37.97,37.15,37.94,767134.52,39.37,35.28,0.8200000000000003,0.8269999999999993
2026-07-09,37.7,37.81,37.37,37.55,765645.57,39.37,35.28,0.5700000000000003,0.8204999999999995
2026-07-10,36.61,36.92,36.33,36.88,793771.53,39.37,35.28,1.2199999999999989,0.8554999999999993
