trade_date,close,position,upper_channel,lower_channel,ATR,buy_signal,sell_signal,stop_loss_signal,entry_price,stop_loss_price,stock_return,strategy_return,strategy_value,buy_hold_value
2025-01-02,38.51,0,,,,0,0,0,,,0.0,0.0,1.0,1.0
2025-01-03,38.66,0,,,,0,0,0,,,0.0038950921838483143,0.0,1.0,1.0038950921838483
2025-01-06,39.05,0,,,,0,0,0,,,0.010087946197620212,0.0,1.0,1.014022331861854
2025-01-07,38.9,0,,,,0,0,0,,,-0.003841229193341844,-0.0,1.0,1.0101272396780057
2025-01-08,39.28,0,,,,0,0,0,,,0.00976863753213375,0.0,1.0,1.019994806543755
2025-01-09,39.0,0,,,,0,0,0,,,-0.007128309572301483,-0.0,1.0,1.0127239678005713
2025-01-10,38.98,0,,,,0,0,0,,,-0.0005128205128206442,-0.0,1.0,1.012204622176058
2025-01-13,39.07,0,,,,0,0,0,,,0.002308876346844624,0.0,1.0,1.0145416774863671
2025-01-14,39.85,0,,,,0,0,0,,,0.019964166879959055,0.0,1.0,1.0347961568423785
2025-01-15,40.64,0,,,,0,0,0,,,0.01982434127979915,0.0,1.0,1.0553103090106464
2025-01-16,40.99,0,,,,0,0,0,,,0.008612204724409489,0.0,1.0,1.064398857439626
2025-01-17,40.71,0,,,,0,0,0,,,-0.006830934374237652,-0.0,1.0,1.0571280186964422
2025-01-20,40.12,0,,,,0,0,0,,,-0.01449275362318847,-0.0,1.0,1.0418073227733053
2025-01-21,40.14,0,,,,0,0,0,,,0.0004985044865404298,0.0,1.0,1.0423266683978185
2025-01-22,39.45,0,,,,0,0,0,,,-0.0171898355754857,-0.0,1.0,1.0244092443521162
2025-01-23,39.83,0,,,,0,0,0,,,0.009632446134347106,0.0,1.0,1.0342768112178653
2025-01-24,40.26,0,,,,0,0,0,,,0.010795882500627574,0.0,1.0,1.045442742144897
2025-01-27,40.65,0,,,,0,0,0,,,0.009687034277198192,0.0,1.0,1.0555699818229027
2025-02-05,40.0,0,,,,0,0,0,,,-0.01599015990159902,-0.0,1.0,1.0386912490262266
2025-02-06,40.2,0,,,0.8089999999999989,0,0,0,,,0.0050000000000001155,0.0,1.0,1.0438847052713578
2025-02-07,40.2,0,41.16,38.13,0.772999999999999,0,0,0,,,0.0,0.0,1.0,1.0438847052713578
2025-02-10,40.6,0,41.16,38.13,0.794499999999999,0,0,0,,,0.00995024875621886,0.0,1.0,1.05427161776162
2025-02-11,40.98,0,41.16,38.13,0.7679999999999989,0,0,0,,,0.009359605911329894,0.0,1.0,1.0641391846273691
2025-02-12,41.62,1,41.16,38.54,0.7959999999999987,1,0,0,41.62,40.028,0.015617374328940947,0.0,1.0,1.0807582446117887
2025-02-13,41.71,1,41.66,38.54,0.7899999999999988,0,0,0,41.62,40.028,0.002162421912542234,0.002162421912542234,1.0021624219125422,1.083095299922098
2025-02-14,42.03,1,41.95,38.54,0.7854999999999986,0,0,0,41.62,40.028,0.0076720210980580905,0.0076720210980580905,1.0098510331571362,1.0914048299143078
2025-02-17,41.72,1,42.03,38.54,0.7869999999999987,0,0,0,41.62,40.028,-0.007375684035213048,-0.007375684035213048,1.0024026910139356,1.0833549727343543
2025-02-18,42.05,1,42.03,38.54,0.8049999999999986,0,0,0,41.62,40.028,0.007909875359539686,0.007909875359539686,1.010331571359923,1.0919241755388205
2025-02-19,41.98,1,42.48,38.9,0.7709999999999987,0,0,0,41.62,40.028,-0.0016646848989299023,-0.0016646848989299023,1.008649687650168,1.0901064658530246
2025-02-20,41.85,1,42.48,39.32,0.7339999999999989,0,0,0,41.62,40.028,-0.0030967127203429534,-0.0030967127203429534,1.0055261893320517,1.0867307192936895
2025-02-21,41.4,1,42.48,39.32,0.7414999999999992,0,0,0,41.62,40.028,-0.010752688172043112,-0.010752688172043112,0.9947140797693415,1.0750454427421443
2025-02-24,41.27,1,42.48,39.32,0.7224999999999995,0,0,0,41.62,40.028,-0.0031400966183573464,-0.0031400966183573464,0.9915905814512253,1.0716696961828092
2025-02-25,41.03,1,42.48,39.32,0.7009999999999994,0,0,0,41.62,40.028,-0.005815362248606792,-0.005815362248606792,0.9858241230177798,1.0654375486886518
2025-02-26,41.48,1,42.48,39.32,0.7094999999999996,0,0,0,41.62,40.028,0.010967584694126176,0.010967584694126176,0.99663623258049,1.0771228252401968
2025-02-27,42.38,1,42.48,39.32,0.7234999999999996,0,0,0,41.62,40.028,0.021697203471552795,0.021697203471552795,1.0182604517059106,1.100493378343287
2025-02-28,42.05,1,42.48,39.46,0.7149999999999999,0,0,0,41.62,40.028,-0.007786691835771742,-0.007786691835771742,1.010331571359923,1.0919241755388205
2025-03-03,42.05,1,42.66,39.46,0.6939999999999997,0,0,0,41.62,40.028,0.0,0.0,1.010331571359923,1.0919241755388205
2025-03-04,41.8,1,42.66,39.73,0.6749999999999996,0,0,0,41.62,40.028,-0.005945303210463715,-0.005945303210463715,1.004324843825084,1.0854323552324066
2025-03-05,42.89,1,42.66,39.73,0.6829999999999995,0,0,0,41.62,40.028,0.026076555023923476,0.026076555023923476,1.0305141758769822,1.1137366917683713
2025-03-06,42.96,1,42.91,39.73,0.6829999999999992,0,0,0,41.62,40.028,0.0016320820704127659,0.0016320820704127659,1.0321960595867372,1.1155544014541674
2025-03-07,43.57,1,43.1,39.96,0.708499999999999,0,0,0,41.62,40.028,0.014199255121042809,0.014199255121042809,1.0468524747717445,1.1313944430018172
2025-03-10,43.07,1,43.8,39.96,0.6984999999999989,0,0,0,41.62,40.028,-0.011475786091347251,-0.011475786091347251,1.0348390197020665,1.1184108023889894
2025-03-11,43.51,1,43.8,40.56,0.722999999999999,0,0,0,41.62,40.028,0.010215927559786397,0.010215927559786397,1.0454108601633831,1.129836406128278
2025-03-12,43.54,1,43.8,40.56,0.6984999999999992,0,0,0,41.62,40.028,0.0006894966674328984,0.0006894966674328984,1.046131667467564,1.1306154245650477
2025-03-13,43.84,1,43.86,40.91,0.7119999999999994,0,0,0,41.62,40.028,0.006890215893431417,0.006890215893431417,1.053339740509371,1.1384056089327446
2025-03-14,45.16,1,44.38,40.91,0.7679999999999992,0,0,0,41.62,40.028,0.030109489051094673,0.030109489051094673,1.0850552618933207,1.1726824201506099
2025-03-17,45.04,1,45.47,40.91,0.7604999999999993,0,0,0,41.62,40.028,-0.0026572187776793266,-0.0026572187776793266,1.082172032676598,1.1695663464035313
2025-03-18,45.14,1,45.5,40.91,0.7399999999999995,0,0,0,41.62,40.028,0.002220248667850866,0.002220248667850866,1.0845747236905336,1.172163074526097
2025-03-19,46.02,1,45.5,40.91,0.7704999999999995,0,0,0,41.62,40.028,0.019494904740806396,0.019494904740806396,1.105718404613167,1.1950142820046739
2025-03-20,45.24,1,46.1,40.91,0.8119999999999994,0,0,0,41.62,40.028,-0.016949152542372947,-0.016949152542372947,1.086977414704469,1.1747598026486623
2025-03-21,44.7,1,46.1,40.91,0.8144999999999992,0,0,0,41.62,40.028,-0.011936339522546358,-0.011936339522546358,1.0740028832292168,1.1607374707868083
2025-03-24,45.05,1,46.1,40.91,0.8139999999999994,0,0,0,41.62,40.028,0.007829977628635243,0.007829977628635243,1.0824123017779912,1.1698260192157877
2025-03-25,45.09,1,46.1,40.91,0.8149999999999992,0,0,0,41.62,40.028,0.0008879023307437617,0.0008879023307437617,1.0833733781835655,1.170864710464814
2025-03-26,42.66,1,46.1,41.05,0.9054999999999993,0,0,0,41.62,40.028,-0.05389221556886237,-0.05389221556886237,1.02498798654493,1.1077642170864705
2025-03-27,43.26,1,46.1,41.28,0.9034999999999996,0,0,0,41.62,40.028,0.01406469760900153,0.01406469760900153,1.039404132628544,1.123344585821864
2025-03-28,43.22,1,46.1,41.75,0.8924999999999997,0,0,0,41.62,40.028,-0.000924641701340656,-0.000924641701340656,1.0384430562229698,1.122305894572838
2025-03-31,43.29,1,46.1,41.75,0.9175000000000001,0,0,0,41.62,40.028,0.0016196205460434765,0.0016196205460434765,1.0401249399327248,1.1241236042586338
2025-04-01,42.87,1,46.1,41.75,0.9280000000000002,0,0,0,41.62,40.028,-0.00970200970200974,-0.00970200970200974,1.0300336376741952,1.1132173461438584
2025-04-02,42.73,1,46.1,41.75,0.8935000000000002,0,0,0,41.62,40.028,-0.0032656869605784955,-0.0032656869605784955,1.0266698702546853,1.1095819267722666
2025-04-03,42.65,1,46.1,42.45,0.9025000000000002,0,0,0,41.62,40.028,-0.0018722209220687347,-0.0018722209220687347,1.0247477174435369,1.1075045442742142
2025-04-07,40.83,0,46.1,42.02,1.0180000000000002,0,1,0,41.62,40.028,-0.04267291910902693,-0.04267291910902693,0.9810187409899088,1.0602440924435208
2025-04-08,41.15,0,46.1,39.39,1.0180000000000007,0,0,0,,,0.007837374479549464,0.0,0.9810187409899088,1.0685536224357308
2025-04-09,40.46,0,46.1,39.39,1.0140000000000007,0,0,0,,,-0.016767922235722876,-0.0,0.9810187409899088,1.0506361983900285
2025-04-10,41.1,0,46.1,39.39,1.0330000000000008,0,0,0,,,0.015818091942659374,0.0,0.9810187409899088,1.0672552583744481
2025-04-11,41.51,0,46.1,39.39,1.0330000000000006,0,0,0,,,0.009975669099756557,0.0,0.9810187409899088,1.0779018436769667
2025-04-14,41.48,0,46.1,39.39,0.9765000000000008,0,0,0,,,-0.0007227174174897488,-0.0,0.9810187409899088,1.077122825240197
2025-04-15,42.1,0,46.1,39.39,0.9925000000000004,0,0,0,,,0.014946962391514163,0.0,0.9810187409899088,1.0932225396001036
2025-04-16,42.25,0,46.1,39.39,1.0025000000000002,0,0,0,,,0.0035629453681709222,0.0,0.9810187409899088,1.097117631783952
2025-04-17,42.12,0,46.1,39.39,0.9780000000000001,0,0,0,,,-0.003076923076923088,-0.0,0.9810187409899088,1.0937418852246168
2025-04-18,42.75,0,45.92,39.39,0.9530000000000001,0,0,0,,,0.014957264957265126,0.0,0.9810187409899088,1.11010127239678
2025-04-21,42.28,0,45.5,39.39,0.952,0,0,0,,,-0.010994152046783556,-0.0,0.9810187409899088,1.097896650220722
2025-04-22,42.01,0,45.5,39.39,0.9465,0,0,0,,,-0.006385998107852453,-0.0,0.9810187409899088,1.0908854842897948
2025-04-23,41.99,0,45.5,39.39,0.9454999999999998,0,0,0,,,-0.0004760771244940454,-0.0,0.9810187409899088,1.0903661386652819
2025-04-24,42.21,0,44.59,39.39,0.8429999999999996,0,0,0,,,0.005239342700642968,0.0,0.9810187409899088,1.096078940534926
2025-04-25,42.08,0,43.78,39.39,0.8144999999999992,0,0,0,,,-0.0030798389007344884,-0.0,0.9810187409899088,1.0927031939755907
2025-04-28,42.35,0,43.78,39.39,0.8214999999999992,0,0,0,,,0.006416349809885924,0.0,0.9810187409899088,1.0997143599065178
2025-04-29,42.0,0,43.78,39.39,0.7954999999999991,0,0,0,,,-0.008264462809917439,-0.0,0.9810187409899088,1.0906258114775382
2025-04-30,40.74,0,43.29,39.39,0.8429999999999993,0,0,0,,,-0.029999999999999916,-0.0,0.9810187409899088,1.0579070371332122
2025-05-06,41.37,0,43.15,39.39,0.8644999999999993,0,0,0,,,0.015463917525773141,0.0,0.9810187409899088,1.0742664243053752
2025-05-07,42.02,0,43.08,39.39,0.8689999999999991,0,0,0,,,0.01571186850374673,0.0,0.9810187409899088,1.0911451571020514
2025-05-08,42.8,0,43.08,39.39,0.7769999999999992,0,0,0,,,0.018562589243217298,0.0,0.9810187409899088,1.1113996364580625
2025-05-09,43.48,1,43.42,40.3,0.7789999999999992,1,0,0,43.48,41.922,0.015887850467289688,0.0,0.9810187409899088,1.1290573876915084
2025-05-12,43.8,1,43.6,40.3,0.800999999999999,0,0,0,43.48,41.922,0.007359705611775569,0.007359705611775569,0.9882387501232293,1.1373669176837182
2025-05-13,44.56,1,44.4,40.51,0.793999999999999,0,0,0,43.48,41.922,0.01735159817351617,0.01735159817351617,1.0053862718148654,1.1571020514152168
2025-05-14,44.81,1,44.65,40.51,0.7989999999999992,0,0,0,43.48,41.922,0.005610412926391417,0.005610412926391417,1.011026903950272,1.1635938717216308
2025-05-15,44.92,1,45.3,40.51,0.8104999999999993,0,0,0,43.48,41.922,0.0024548091943763506,0.0024548091943763506,1.013508782089851,1.166450272656453
2025-05-16,44.27,1,45.38,40.51,0.8159999999999993,0,0,0,43.48,41.922,-0.014470169189670479,-0.014470169189670479,0.9988431385377939,1.1495715398597768
2025-05-19,43.84,1,45.38,40.51,0.8134999999999994,0,0,0,43.48,41.922,-0.009713124011746066,-0.009713124011746066,0.9891412512648947,1.1384056089327448
2025-05-20,43.9,1,45.38,40.51,0.8264999999999993,0,0,0,43.48,41.922,0.0013686131386860811,0.0013686131386860811,0.9904950029773922,1.139963645806284
2025-05-21,43.9,1,45.38,40.51,0.815999999999999,0,0,0,43.48,41.922,0.0,0.0,0.9904950029773922,1.139963645806284
2025-05-22,44.51,1,45.38,40.51,0.8164999999999992,0,0,0,43.48,41.922,0.013895216400911181,0.013895216400911181,1.0042581453877844,1.1558036873539341
2025-05-23,44.05,1,45.38,40.51,0.8289999999999992,0,0,0,43.48,41.922,-0.010334756234554043,-0.010334756234554043,0.9938793822586363,1.1438587379901326
2025-05-26,43.8,1,45.38,40.51,0.8294999999999995,0,0,0,43.48,41.922,-0.005675368898978461,-0.005675368898978461,0.9882387501232297,1.1373669176837187
2025-05-27,43.74,1,45.38,40.51,0.8319999999999993,0,0,0,43.48,41.922,-0.001369863013698569,-0.001369863013698569,0.9868849984107322,1.1358088808101794
2025-05-28,43.68,1,45.38,40.51,0.8289999999999992,0,0,0,43.48,41.922,-0.001371742112482921,-0.001371742112482921,0.9855312466982346,1.1342508439366399
2025-05-29,43.47,1,45.38,40.51,0.8274999999999991,0,0,0,43.48,41.922,-0.004807692307692291,-0.004807692307692291,0.980793115704493,1.1287977148792523
2025-05-30,43.43,1,45.38,40.51,0.8214999999999992,0,0,0,43.48,41.922,-0.000920174833218268,-0.000920174833218268,0.979890614562828,1.1277590236302262
2025-06-03,43.97,1,45.38,40.51,0.7969999999999992,0,0,0,43.48,41.922,0.01243380151968676,0.01243380151968676,0.9920743799753061,1.1417813554920802
2025-06-04,44.06,1,45.38,40.51,0.7704999999999995,0,0,0,43.48,41.922,0.002046850125085431,0.002046850125085431,0.9941050075440526,1.1441184108023894
2025-06-05,44.37,1,45.38,41.31,0.7454999999999998,0,0,0,43.48,41.922,0.007035860190649057,0.007035860190649057,1.0010993913919568,1.1521682679823426
2025-06-06,44.47,1,45.38,42.0,0.695,0,0,0,43.48,41.922,0.0022537750732476436,0.0022537750732476436,1.0033556442461193,1.1547649961049082
2025-06-09,44.6,1,45.38,42.8,0.6784999999999997,0,0,0,43.48,41.922,0.002923319091522325,0.002923319091522325,1.0062887729565306,1.1581407426642434
2025-06-10,44.67,1,45.38,43.11,0.6439999999999995,0,0,0,43.48,41.922,0.0015695067264573925,0.0015695067264573925,1.0078681499544444,1.1599584523500392
2025-06-11,45.31,1,45.38,43.35,0.6519999999999992,0,0,0,43.48,41.922,0.014327289008283062,0.014327289008283062,1.0223081682210853,1.176577512334459
2025-06-12,45.23,1,45.68,43.35,0.6304999999999993,0,0,0,43.48,41.922,-0.0017656146546017881,-0.0017656146546017881,1.020503165937755,1.1745001298364064
2025-06-13,45.18,1,45.68,43.35,0.613999999999999,0,0,0,43.48,41.922,-0.0011054609772274127,-0.0011054609772274127,1.0193750395106738,1.1732017657751237
2025-06-16,45.78,1,45.68,43.35,0.6094999999999992,0,0,0,43.48,41.922,0.013280212483399723,0.013280212483399723,1.0329125566356494,1.1887821345105172
2025-06-17,45.98,1,45.81,43.35,0.590999999999999,0,0,0,43.48,41.922,0.004368719965050172,0.004368719965050172,1.0374250623439747,1.1939755907556482
2025-06-18,45.85,1,46.05,43.35,0.5734999999999992,0,0,0,43.48,41.922,-0.00282731622444532,-0.00282731622444532,1.0344919336335634,1.190599844196313
2025-06-19,45.63,1,46.07,43.35,0.5814999999999998,0,0,0,43.48,41.922,-0.004798255179934596,-0.004798255179934596,1.0295281773544056,1.1848870423266689
2025-06-20,45.99,1,46.07,43.35,0.5724999999999998,0,0,0,43.48,41.922,0.007889546351084853,0.007889546351084853,1.0376506876293912,1.194235263567905
2025-06-23,46.25,1,46.18,43.35,0.579,0,0,0,43.48,41.922,0.005653402913676775,0.005653402913676775,1.043516945050214,1.2009867566865753
2025-06-24,46.75,1,46.34,43.35,0.593,0,0,0,43.48,41.922,0.0108108108108107,0.0108108108108107,1.054798209321027,1.213970397299403
2025-06-25,47.5,1,47.0,43.35,0.6144999999999999,0,0,0,43.48,41.922,0.016042780748663166,0.016042780748663166,1.0717201057272467,1.2334458582186447
2025-06-26,47.88,1,47.5,43.35,0.6335000000000004,0,0,0,43.48,41.922,0.008000000000000007,0.008000000000000007,1.0802938665730648,1.2433134250843938
2025-06-27,46.22,1,47.88,43.35,0.7005000000000006,0,0,0,43.48,41.922,-0.03467000835421896,-0.03467000835421896,1.0428400691939652,1.2002077382498053
2025-06-30,45.95,1,47.88,43.35,0.7000000000000004,0,0,0,43.48,41.922,-0.005841627001298089,-0.005841627001298089,1.0367481864877262,1.1931965723188784
2025-07-01,46.45,1,47.88,43.5,0.6875000000000003,0,0,0,43.48,41.922,0.01088139281828071,0.01088139281828071,1.0480294507585393,1.2061802129317063
2025-07-02,46.9,1,47.88,43.9,0.7044999999999998,0,0,0,43.48,41.922,0.009687836383207582,0.009687836383207582,1.0581825886022709,1.2178654894832512
2025-07-03,46.61,1,47.88,44.0,0.7139999999999997,0,0,0,43.48,41.922,-0.006183368869935979,-0.006183368869935979,1.0516394553251993,1.2103349779278112
2025-07-04,47.07,1,47.88,44.21,0.7484999999999996,0,0,0,43.48,41.922,0.009869126796824723,0.009869126796824723,1.0620182184543474,1.2222799272916127
2025-07-07,47.2,1,47.88,44.21,0.7549999999999993,0,0,0,43.48,41.922,0.00276184406203539,0.00276184406203539,1.064951347164759,1.225655673850948
2025-07-08,47.62,1,47.88,44.45,0.7534999999999996,0,0,0,43.48,41.922,0.00889830508474554,0.00889830508474554,1.0744276091522418,1.2365619319657233
2025-07-09,47.13,1,47.88,44.72,0.7349999999999998,0,0,0,43.48,41.922,-0.010289794204115799,-0.010289794204115799,1.0633719701668451,1.2238379641651522
2025-07-10,48.24,1,47.88,44.95,0.7799999999999997,0,0,0,43.48,41.922,0.02355187778485046,0.02355187778485046,1.0884163768480504,1.2526616463256302
2025-07-11,45.64,1,48.55,44.95,0.891,0,0,0,43.48,41.922,-0.05389718076285244,-0.05389718076285244,1.029753802639822,1.1851467151389254
2025-07-14,45.57,1,48.55,44.95,0.8805000000000003,0,0,0,43.48,41.922,-0.0015337423312883347,-0.0015337423312883347,1.0281744256419083,1.1833290054531296
2025-07-15,45.22,0,48.55,45.37,0.9195000000000008,0,1,0,43.48,41.922,-0.007680491551459334,-0.007680491551459334,1.020277540652339,1.17424045702415
2025-07-16,45.11,0,48.55,44.8,0.9315000000000004,0,0,0,,,-0.0024325519681556163,-0.0,1.020277540652339,1.171384056089328
2025-07-17,45.0,0,48.55,44.8,0.9180000000000004,0,0,0,,,-0.0024384837064952425,-0.0,1.020277540652339,1.1685276551545059
2025-07-18,45.05,0,48.55,44.8,0.9075,0,0,0,,,0.0011111111111110628,0.0,1.020277540652339,1.1698260192157885
2025-07-21,44.85,0,48.55,44.74,0.8819999999999997,0,0,0,,,-0.004439511653718031,-0.0,1.020277540652339,1.1646325629706575
2025-07-22,44.94,0,48.55,44.74,0.8794999999999995,0,0,0,,,0.0020066889632106566,0.0,1.020277540652339,1.1669696182809666
2025-07-23,45.12,0,48.55,44.21,0.8719999999999999,0,0,0,,,0.004005340453938633,0.0,1.020277540652339,1.1716437289015846
2025-07-24,44.88,0,48.55,44.21,0.8584999999999997,0,0,0,,,-0.005319148936170137,-0.0,1.020277540652339,1.1654115814074273
2025-07-25,44.83,0,48.55,44.21,0.7874999999999996,0,0,0,,,-0.0011140819964350346,-0.0,1.020277540652339,1.1641132173461444
2025-07-28,44.44,0,48.55,44.21,0.7989999999999998,0,0,0,,,-0.008699531563685081,-0.0,1.020277540652339,1.1539859776681385
2025-07-29,44.14,0,48.55,44.21,0.7944999999999997,0,0,0,,,-0.006750675067506706,-0.0,1.020277540652339,1.1461957933004419
2025-07-30,44.42,0,48.55,44.14,0.8,0,0,0,,,0.006343452650656944,0.0,1.020277540652339,1.1534666320436253
2025-07-31,44.48,0,48.55,43.93,0.805,0,0,0,,,0.0013507429085997114,0.0,1.020277540652339,1.1550246689171646
2025-08-01,44.42,0,48.55,43.85,0.7809999999999999,0,0,0,,,-0.0013489208633092886,-0.0,1.020277540652339,1.1534666320436253
2025-08-04,44.9,0,48.55,43.85,0.784,0,0,0,,,0.01080594326879769,0.0,1.020277540652339,1.1659309270319398
2025-08-05,45.25,0,48.55,43.85,0.7934999999999999,0,0,0,,,0.007795100222717233,0.0,1.020277540652339,1.1750194754609193
2025-08-06,45.12,0,48.55,43.85,0.7924999999999998,0,0,0,,,-0.0028729281767956305,-0.0,1.020277540652339,1.171643728901584
2025-08-07,45.15,0,48.55,43.85,0.752,0,0,0,,,0.0006648936170212671,0.0,1.020277540652339,1.1724227473383537
2025-08-08,44.53,0,46.5,43.85,0.6584999999999998,0,0,0,,,-0.013732004429678812,-0.0,1.020277540652339,1.1563230329784473
2025-08-11,44.1,0,46.09,43.85,0.6524999999999995,0,0,0,,,-0.009656411408039522,-0.0,1.020277540652339,1.1451571020514153
2025-08-12,44.0,0,45.92,43.85,0.6204999999999992,0,0,0,,,-0.0022675736961451642,-0.0,1.020277540652339,1.1425603739288497
2025-08-13,43.54,0,45.73,43.85,0.6254999999999992,0,0,0,,,-0.010454545454545494,-0.0,1.020277540652339,1.130615424565048
2025-08-14,43.78,0,45.73,43.49,0.626499999999999,0,0,0,,,0.005512172714745134,0.0,1.020277540652339,1.1368475720592053
2025-08-15,43.3,0,45.73,43.49,0.6294999999999995,0,0,0,,,-0.010963910461397997,-0.0,1.020277540652339,1.1243832770708904
2025-08-18,43.51,0,45.73,43.3,0.6484999999999996,0,0,0,,,0.00484988452655899,0.0,1.020277540652339,1.1298364061282782
2025-08-19,43.4,0,45.73,42.89,0.6305,0,0,0,,,-0.0025281544472535167,-0.0,1.020277540652339,1.126980005193456
2025-08-20,43.45,0,45.73,42.89,0.6164999999999999,0,0,0,,,0.0011520737327190833,0.0,1.020277540652339,1.128278369254739
2025-08-21,43.47,0,45.73,42.89,0.6065000000000002,0,0,0,,,0.00046029919447621026,0.0,1.020277540652339,1.1287977148792518
2025-08-22,43.26,0,45.73,42.89,0.6074999999999999,0,0,0,,,-0.004830917874396157,-0.0,1.020277540652339,1.123344585821864
2025-08-25,43.87,0,45.73,42.89,0.6079999999999999,0,0,0,,,0.01410078594544606,0.0,1.020277540652339,1.1391846273695139
2025-08-26,43.52,0,45.73,42.89,0.6050000000000001,0,0,0,,,-0.007978117164349041,-0.0,1.020277540652339,1.1300960789405345
2025-08-27,43.0,0,45.73,42.89,0.5969999999999999,0,0,0,,,-0.01194852941176483,-0.0,1.020277540652339,1.1165930927031935
2025-08-28,42.98,0,45.73,42.89,0.5964999999999996,0,0,0,,,-0.00046511627906986597,-0.0,1.020277540652339,1.1160737470786803
2025-08-29,42.89,0,45.73,42.6,0.6204999999999998,0,0,0,,,-0.0020939972080036284,-0.0,1.020277540652339,1.1137366917683715
2025-09-01,41.98,0,45.73,42.6,0.6379999999999999,0,0,0,,,-0.021217066915364957,-0.0,1.020277540652339,1.0901064658530248
2025-09-02,43.44,0,45.73,41.88,0.682,0,0,0,,,0.034778465936160075,0.0,1.020277540652339,1.128018696442482
2025-09-03,42.9,0,45.73,41.86,0.6945,0,0,0,,,-0.012430939226519278,-0.0,1.020277540652339,1.1139963645806281
2025-09-04,43.05,0,45.6,41.86,0.7215,0,0,0,,,0.0034965034965035446,0.0,1.020277540652339,1.1178914567644764
2025-09-05,42.76,0,45.28,41.86,0.7099999999999997,0,0,0,,,-0.006736353077816504,-0.0,1.020277540652339,1.1103609452090364
2025-09-08,42.43,0,44.63,41.86,0.72,0,0,0,,,-0.007717492984097296,-0.0,1.020277540652339,1.10179174240457
2025-09-09,42.83,0,44.48,41.86,0.7200000000000003,0,0,0,,,0.009427292010369959,0.0,1.020277540652339,1.1121786548948323
2025-09-10,43.0,0,44.25,41.86,0.7115000000000002,0,0,0,,,0.00396918048097139,0.0,1.020277540652339,1.1165930927031937
2025-09-11,43.3,0,44.02,41.86,0.7170000000000002,0,0,0,,,0.006976744186046435,0.0,1.020277540652339,1.1243832770708904
2025-09-12,42.54,0,44.02,41.86,0.7454999999999998,0,0,0,,,-0.01755196304849882,-0.0,1.020277540652339,1.104648143339392
2025-09-15,42.22,0,44.02,41.86,0.7404999999999997,0,0,0,,,-0.007522331922896086,-0.0,1.020277540652339,1.0963386133471822
2025-09-16,41.75,0,44.02,41.86,0.7584999999999997,0,0,0,,,-0.011132164850781612,-0.0,1.020277540652339,1.084133991171124
2025-09-17,41.76,0,44.02,41.66,0.7589999999999992,0,0,0,,,0.00023952095808388307,0.0,1.020277540652339,1.0843936639833807
2025-09-18,40.83,0,44.02,41.66,0.7929999999999993,0,0,0,,,-0.02227011494252873,-0.0,1.020277540652339,1.0602440924435208
2025-09-19,41.0,0,44.02,40.8,0.8199999999999996,0,0,0,,,0.0041636051922606665,0.0,1.020277540652339,1.0646585302518823
2025-09-22,40.92,0,44.02,40.55,0.8104999999999997,0,0,0,,,-0.0019512195121951237,-0.0,1.020277540652339,1.0625811477538298
2025-09-23,41.55,0,44.02,40.55,0.8364999999999995,0,0,0,,,0.015395894428152479,0.0,1.020277540652339,1.0789405349259928
2025-09-24,41.32,0,43.99,40.55,0.8334999999999997,0,0,0,,,-0.005535499398315213,-0.0,1.020277540652339,1.072968060244092
2025-09-25,40.82,0,43.99,40.55,0.8259999999999998,0,0,0,,,-0.012100677637947754,-0.0,1.020277540652339,1.0599844196312642
2025-09-26,40.8,0,43.99,40.55,0.8059999999999998,0,0,0,,,-0.0004899559039687196,-0.0,1.020277540652339,1.059465074006751
2025-09-29,40.68,0,43.57,40.3,0.8019999999999999,0,0,0,,,-0.002941176470588225,-0.0,1.020277540652339,1.0563490002596725
2025-09-30,40.41,0,43.57,40.3,0.7390000000000001,0,0,0,,,-0.006637168141592986,-0.0,1.020277540652339,1.0493378343287454
2025-10-09,40.33,0,43.57,40.3,0.7265,0,0,0,,,-0.0019797079930710115,-0.0,1.020277540652339,1.047260451830693
2025-10-10,40.18,0,43.47,39.82,0.6934999999999999,0,0,0,,,-0.003719315645921095,-0.0,1.020277540652339,1.0433653596468446
2025-10-13,40.11,0,43.47,39.82,0.6974999999999998,0,0,0,,,-0.0017421602787456303,-0.0,1.020277540652339,1.0415476499610488
2025-10-14,41.26,0,43.47,39.7,0.7439999999999998,0,0,0,,,0.02867115432560463,0.0,1.020277540652339,1.0714100233705528
2025-10-15,41.5,0,43.47,39.7,0.7479999999999997,0,0,0,,,0.005816771691711242,0.0,1.020277540652339,1.0776421708647104
2025-10-16,41.93,0,43.47,39.7,0.7614999999999998,0,0,0,,,0.010361445783132472,0.0,1.020277540652339,1.0888081017917421
2025-10-17,41.59,0,43.47,39.7,0.7759999999999998,0,0,0,,,-0.008108752683043119,-0.0,1.020277540652339,1.0799792261750192
2025-10-20,41.42,0,43.47,39.7,0.7579999999999998,0,0,0,,,-0.004087521038711239,-0.0,1.020277540652339,1.0755647883666577
2025-10-21,41.98,0,42.79,39.7,0.7579999999999998,0,0,0,,,0.013520038628681785,0.0,1.020277540652339,1.0901064658530248
2025-10-22,41.95,0,42.43,39.7,0.743,0,0,0,,,-0.0007146260123866988,-0.0,1.020277540652339,1.0893274474162553
2025-10-23,42.24,1,42.22,39.7,0.7540000000000002,1,0,0,42.24,40.732,0.006912991656734091,0.0,1.020277540652339,1.0968579589716954
2025-10-24,41.95,1,42.49,39.7,0.732,0,0,0,42.24,40.732,-0.006865530303030276,-0.006865530303030276,1.0132727942794892,1.0893274474162553
2025-10-27,41.59,1,42.49,39.7,0.7104999999999997,0,0,0,42.24,40.732,-0.00858164481525625,-0.00858164481525625,1.0045772470580205,1.0799792261750192
2025-10-28,41.6,1,42.49,39.7,0.7064999999999998,0,0,0,42.24,40.732,0.00024044241404186373,0.00024044241404186373,1.0048187900363947,1.0802388989872758
2025-10-29,40.77,1,42.49,39.7,0.6960000000000001,0,0,0,42.24,40.732,-0.01995192307692306,-0.01995192307692306,0.9847707228313417,1.0586860555699815
2025-10-30,41.2,1,42.49,39.7,0.6975000000000001,0,0,0,42.24,40.732,0.010546970811871503,0.010546970811871503,0.9951570709014295,1.0698519864970135
2025-10-31,40.89,1,42.49,39.7,0.693,0,0,0,42.24,40.732,-0.007524271844660202,-0.007524271844660202,0.9876692385718313,1.0618021293170603
2025-11-03,41.79,1,42.49,39.7,0.7119999999999997,0,0,0,42.24,40.732,0.022010271460014552,0.022010271460014552,1.0094081066255032,1.0851726824201502
2025-11-04,43.01,1,42.49,39.7,0.7314999999999998,0,0,0,42.24,40.732,0.029193586982531716,0.029193586982531716,1.0388763499871474,1.11685276551545
2025-11-05,42.8,1,43.11,39.7,0.7484999999999996,0,0,0,42.24,40.732,-0.0048825854452453354,-0.0048825854452453354,1.0338039474412906,1.1113996364580623
2025-11-06,42.34,1,43.47,39.7,0.7464999999999996,0,0,0,42.24,40.732,-0.010747663551401776,-0.010747663551401776,1.0226929704360805,1.0994546870942608
2025-11-07,42.51,1,43.47,39.7,0.7424999999999997,0,0,0,42.24,40.732,0.0040151157298062845,0.0040151157298062845,1.0267992010684408,1.1038691249026222
2025-11-10,42.72,1,43.47,39.7,0.7425,0,0,0,42.24,40.732,0.004940014114326097,0.004940014114326097,1.0318716036142976,1.10932225396001
2025-11-11,42.96,1,43.47,39.83,0.6854999999999997,0,0,0,42.24,40.732,0.005617977528090012,0.005617977528090012,1.037668635095277,1.1155544014541676
2025-11-12,42.93,1,43.47,40.69,0.6789999999999996,0,0,0,42.24,40.732,-0.0006983240223463749,-0.0006983240223463749,1.0369440061601547,1.1147753830173979
2025-11-13,43.21,1,43.47,40.69,0.6639999999999994,0,0,0,42.24,40.732,0.006522245515956149,0.006522245515956149,1.0437072095546305,1.1220462217605813
2025-11-14,43.25,1,43.47,40.69,0.6424999999999997,0,0,0,42.24,40.732,0.0009257116408238897,0.0009257116408238897,1.044673381468127,1.1230849130096077
2025-11-17,42.65,1,43.59,40.69,0.6454999999999999,0,0,0,42.24,40.732,-0.01387283236994219,-0.01387283236994219,1.0301808027656791,1.1075045442742142
2025-11-18,42.88,1,43.59,40.69,0.6349999999999998,0,0,0,42.24,40.732,0.005392731535756257,0.005392731535756257,1.0357362912682844,1.1134770189561152
2025-11-19,43.22,1,43.59,40.69,0.6464999999999996,0,0,0,42.24,40.732,0.007929104477611748,0.007929104477611748,1.0439487525330047,1.122305894572838
2025-11-20,43.23,1,43.59,40.69,0.6479999999999997,0,0,0,42.24,40.732,0.00023137436372056008,0.00023137436372056008,1.0441902955113789,1.1225655673850945
2025-11-21,43.0,1,43.79,40.69,0.6574999999999995,0,0,0,42.24,40.732,-0.005320379366180794,-0.005320379366180794,1.0386348070087739,1.1165930927031937
2025-11-24,42.63,1,43.79,40.69,0.6649999999999998,0,0,0,42.24,40.732,-0.008604651162790633,-0.008604651162790633,1.029697716808931,1.1069851986497012
2025-11-25,43.25,1,43.79,40.69,0.6834999999999998,0,0,0,42.24,40.732,0.014543748533896173,0.014543748533896173,1.044673381468127,1.1230849130096077
2025-11-26,43.25,1,43.79,40.69,0.6709999999999997,0,0,0,42.24,40.732,0.0,0.0,1.044673381468127,1.1230849130096077
2025-11-27,43.19,1,43.79,40.73,0.6789999999999996,0,0,0,42.24,40.732,-0.001387283236994219,-0.001387283236994219,1.0432241235978823,1.1215268761360684
2025-11-28,42.95,1,43.79,40.84,0.6744999999999998,0,0,0,42.24,40.732,-0.005556841861541928,-0.005556841861541928,1.037427092116903,1.115294728641911
2025-12-01,43.44,1,43.79,41.06,0.6474999999999997,0,0,0,42.24,40.732,0.01140861466821863,0.01140861466821863,1.0492626980572355,1.128018696442482
2025-12-02,43.38,1,43.79,41.81,0.6029999999999998,0,0,0,42.24,40.732,-0.0013812154696131174,-0.0013812154696131174,1.0478134401869907,1.1264606595689428
2025-12-03,43.01,1,43.79,42.28,0.5959999999999998,0,0,0,42.24,40.732,-0.008529276164131017,-0.008529276164131017,1.0388763499871476,1.11685276551545
2025-12-04,43.22,1,43.79,42.28,0.5875,0,0,0,42.24,40.732,0.004882585445245224,0.004882585445245224,1.0439487525330045,1.1223058945728377
2025-12-05,43.45,1,43.79,42.28,0.5975000000000001,0,0,0,42.24,40.732,0.00532161036557155,0.00532161036557155,1.0495042410356097,1.1282783692547385
2025-12-08,43.18,1,43.79,42.28,0.5960000000000001,0,0,0,42.24,40.732,-0.006214039125431614,-0.006214039125431614,1.042982580619508,1.1212672033238114
2025-12-09,43.04,1,43.79,42.44,0.5935000000000002,0,0,0,42.24,40.732,-0.003242241778601218,-0.003242241778601218,1.0396009789222702,1.1176317839522196
2025-12-10,41.7,0,43.79,42.44,0.6485000000000003,0,1,0,42.24,40.732,-0.031133828996282475,-0.031133828996282475,1.0072342198201365,1.0828356271098412
2025-12-11,41.68,0,43.79,41.55,0.6525000000000005,0,0,0,,,-0.0004796163069544779,-0.0,1.0072342198201365,1.082316281485328
2025-12-12,41.74,0,43.79,41.41,0.6495000000000004,0,0,0,,,0.0014395393474089246,0.0,1.0072342198201365,1.0838743183588675
2025-12-15,41.8,0,43.79,41.41,0.6445000000000004,0,0,0,,,0.0014374700527071127,0.0,1.0072342198201365,1.0854323552324068
2025-12-16,41.7,0,43.79,41.41,0.6560000000000006,0,0,0,,,-0.0023923444976075015,-0.0,1.0072342198201365,1.0828356271098414
2025-12-17,41.52,0,43.79,41.41,0.6520000000000007,0,0,0,,,-0.004316546762589968,-0.0,1.0072342198201365,1.0781615164892233
2025-12-18,42.37,0,43.79,41.23,0.6660000000000007,0,0,0,,,0.020472061657032636,0.0,1.0072342198201365,1.1002337055310305
2025-12-19,41.99,0,43.65,41.23,0.6550000000000008,0,0,0,,,-0.008968609865470767,-0.0,1.0072342198201365,1.0903661386652814
2025-12-22,41.77,0,43.65,41.23,0.6410000000000007,0,0,0,,,-0.005239342700642968,-0.0,1.0072342198201365,1.0846533367956372
2025-12-23,41.91,0,43.65,41.23,0.6170000000000009,0,0,0,,,0.003351687814220572,0.0,1.0072342198201365,1.0882887561672288
2025-12-24,41.83,0,43.65,41.23,0.606000000000001,0,0,0,,,-0.001908852302552999,-0.0,1.0072342198201365,1.0862113736691763
2025-12-25,41.78,0,43.65,41.23,0.5855000000000008,0,0,0,,,-0.0011953143676786127,-0.0,1.0072342198201365,1.0849130096078936
2025-12-26,41.7,0,43.65,41.23,0.5800000000000012,0,0,0,,,-0.0019147917663954184,-0.0,1.0072342198201365,1.0828356271098412
2025-12-29,41.87,0,43.65,41.23,0.5785000000000011,0,0,0,,,0.004076738609112507,0.0,1.0072342198201365,1.0872500649182024
2025-12-30,42.28,0,43.65,41.23,0.5920000000000009,0,0,0,,,0.00979221399570096,0.0,1.0072342198201365,1.0978966502207212
2025-12-31,42.1,0,43.64,41.23,0.5835000000000008,0,0,0,,,-0.004257332071901598,-0.0,1.0072342198201365,1.0932225396001032
2026-01-05,42.35,0,43.64,41.23,0.5980000000000004,0,0,0,,,0.005938242280284944,0.0,1.0072342198201365,1.099714359906517
2026-01-06,42.73,0,43.64,41.23,0.6010000000000002,0,0,0,,,0.008972845336481683,0.0,1.0072342198201365,1.109581926772266
2026-01-07,42.15,0,43.64,41.23,0.6165000000000003,0,0,0,,,-0.01357360168499877,-0.0,1.0072342198201365,1.0945209036613857
2026-01-08,41.58,0,43.3,41.23,0.6405000000000005,0,0,0,,,-0.013523131672597888,-0.0,1.0072342198201365,1.079719553362762
2026-01-09,41.3,0,43.08,41.23,0.5960000000000004,0,0,0,,,-0.006734006734006814,-0.0,1.0072342198201365,1.0724487146195782
2026-01-12,41.12,0,43.02,41.12,0.5855000000000004,0,0,0,,,-0.004358353510895863,-0.0,1.0072342198201365,1.0677746039989602
2026-01-13,41.13,0,43.02,41.0,0.5855000000000004,0,0,0,,,0.0002431906614788204,0.0,1.0072342198201365,1.068034276811217
2026-01-14,40.07,0,43.02,41.0,0.6085000000000005,0,0,0,,,-0.025771942620957944,-0.0,1.0072342198201365,1.040508958712022
2026-01-15,40.11,0,43.02,40.06,0.5945000000000004,0,0,0,,,0.000998253057149956,0.0,1.0072342198201365,1.041547649961048
2026-01-16,38.72,0,43.02,40.0,0.6365000000000002,0,0,0,,,-0.034654699576165515,-0.0,1.0072342198201365,1.0054531290573867
2026-01-19,38.55,0,43.02,38.65,0.6065000000000002,0,0,0,,,-0.004390495867768629,-0.0,1.0072342198201365,1.0010386912490252
2026-01-20,38.73,0,43.02,38.5,0.6090000000000003,0,0,0,,,0.0046692607003890885,0.0,1.0072342198201365,1.0057128018696433
2026-01-21,38.24,0,43.02,38.5,0.6260000000000001,0,0,0,,,-0.012651691195455617,-0.0,1.0072342198201365,0.9929888340690721
2026-01-22,37.85,0,43.02,38.18,0.6460000000000001,0,0,0,,,-0.01019874476987448,-0.0,1.0072342198201365,0.9828615943910665
2026-01-23,37.5,0,43.02,37.8,0.6634999999999998,0,0,0,,,-0.009247027741083214,-0.0,1.0072342198201365,0.973773045962087
2026-01-26,38.02,0,43.02,37.38,0.6939999999999997,0,0,0,,,0.013866666666666694,0.0,1.0072342198201365,0.9872760321994279
2026-01-27,38.1,0,43.02,37.31,0.7129999999999995,0,0,0,,,0.002104155707522315,0.0,1.0072342198201365,0.9893534146974804
2026-01-28,37.8,0,43.02,37.31,0.7244999999999994,0,0,0,,,-0.007874015748031593,-0.0,1.0072342198201365,0.9815632303297837
2026-01-29,38.53,0,43.02,37.31,0.7444999999999997,0,0,0,,,0.01931216931216939,0.0,1.0072342198201365,1.0005193456245123
2026-01-30,38.67,0,43.02,37.31,0.7559999999999999,0,0,0,,,0.003633532312483867,0.0,1.0072342198201365,1.0041547649961042
2026-02-02,38.45,0,43.02,37.31,0.7655000000000001,0,0,0,,,-0.005689164727178619,-0.0,1.0072342198201365,0.99844196312646
2026-02-03,38.3,0,43.02,37.31,0.7570000000000003,0,0,0,,,-0.0039011703511054874,-0.0,1.0072342198201365,0.9945468709426115
2026-02-04,39.01,0,43.02,37.31,0.7510000000000006,0,0,0,,,0.01853785900783289,0.0,1.0072342198201365,1.012983640612827
2026-02-05,39.71,0,42.25,37.31,0.7540000000000007,0,0,0,,,0.01794411689310449,0.0,1.0072342198201365,1.031160737470786
2026-02-06,39.6,0,41.76,37.31,0.7540000000000007,0,0,0,,,-0.0027700831024930483,-0.0,1.0072342198201365,1.0283043365359639
2026-02-09,39.48,0,41.43,37.31,0.7530000000000008,0,0,0,,,-0.003030303030303161,-0.0,1.0072342198201365,1.025188262788885
2026-02-10,39.34,0,41.38,37.31,0.7480000000000008,0,0,0,,,-0.0035460992907799804,-0.0,1.0072342198201365,1.0215528434172934
2026-02-11,39.4,0,41.17,37.31,0.7050000000000007,0,0,0,,,0.0015251652262326942,0.0,1.0072342198201365,1.0231108802908326
2026-02-12,38.99,0,40.42,37.31,0.7185000000000009,0,0,0,,,-0.010406091370558257,-0.0,1.0072342198201365,1.012464294988314
2026-02-13,38.71,0,39.95,37.31,0.668500000000001,0,0,0,,,-0.007181328545781018,-0.0,1.0072342198201365,1.0051934562451303
2026-02-24,38.94,0,39.95,37.31,0.6825000000000007,0,0,0,,,0.005941617153190304,0.0,1.0072342198201365,1.011165930927031
2026-02-25,38.78,0,39.95,37.31,0.6730000000000004,0,0,0,,,-0.00410888546481758,-0.0,1.0072342198201365,1.0070111659309262
2026-02-26,38.7,0,39.95,37.31,0.6610000000000007,0,0,0,,,-0.00206291903042799,-0.0,1.0072342198201365,1.0049337834328738
2026-02-27,38.75,0,39.95,37.31,0.6375000000000007,0,0,0,,,0.0012919896640826156,0.0,1.0072342198201365,1.0062321474941565
2026-03-02,38.67,0,39.95,37.31,0.6205000000000005,0,0,0,,,-0.0020645161290322456,-0.0,1.0072342198201365,1.004154764996104
2026-03-03,39.18,0,39.95,37.31,0.6205000000000005,0,0,0,,,0.01318851823118683,0.0,1.0072342198201365,1.0173980784211882
2026-03-04,38.6,0,39.95,37.55,0.6470000000000006,0,0,0,,,-0.014803471158754467,-0.0,1.0072342198201365,1.002337055310308
2026-03-05,39.15,0,39.95,37.55,0.6420000000000009,0,0,0,,,0.014248704663212264,0.0,1.0072342198201365,1.0166190599844183
2026-03-06,39.2,0,39.95,37.55,0.6055000000000007,0,0,0,,,0.0012771392081738497,0.0,1.0072342198201365,1.0179174240457012
2026-03-09,38.79,0,39.95,38.01,0.5960000000000008,0,0,0,,,-0.01045918367346943,-0.0,1.0072342198201365,1.0072708387431824
2026-03-10,39.22,0,39.95,38.01,0.574000000000001,0,0,0,,,0.01108533127094602,0.0,1.0072342198201365,1.0184367696702141
2026-03-11,39.5,0,39.95,38.01,0.5750000000000007,0,0,0,,,0.007139214686384454,0.0,1.0072342198201365,1.0257076084133976
2026-03-12,39.5,0,39.95,38.01,0.5495000000000004,0,0,0,,,0.0,0.0,1.0072342198201365,1.0257076084133976
2026-03-13,39.76,0,39.95,38.01,0.534,0,0,0,,,0.00658227848101256,0.0,1.0072342198201365,1.0324591015320679
2026-03-16,39.91,0,40.05,38.01,0.5219999999999999,0,0,0,,,0.0037726358148892913,0.0,1.0072342198201365,1.0363541937159162
2026-03-17,40.12,1,40.05,38.01,0.5279999999999998,1,0,0,40.12,39.064,0.005261839138060553,0.0,1.0072342198201365,1.0418073227733038
2026-03-18,39.92,1,40.36,38.01,0.5419999999999998,0,0,0,40.12,39.064,-0.004985044865403632,-0.004985044865403632,1.0022131120443634,1.0366138665281728
2026-03-19,39.77,1,40.36,38.01,0.5464999999999997,0,0,0,40.12,39.064,-0.0037575150300600546,-0.0037575150300600546,0.9984472812125335,1.0327187743443245
2026-03-20,39.75,1,40.36,38.01,0.5329999999999995,0,0,0,40.12,39.064,-0.0005028916268544625,-0.0005028916268544625,0.9979451704349561,1.0321994287198113
2026-03-23,38.68,0,40.36,38.01,0.5699999999999996,0,0,1,40.12,39.064,-0.026918238993710708,-0.026918238993710708,0.9710822438345686,1.0044144378083597
2026-03-24,39.25,0,40.36,38.01,0.5669999999999998,0,0,0,,,0.014736297828334965,0.0,0.9710822438345686,1.0192157881069832
2026-03-25,39.26,0,40.36,38.01,0.5684999999999999,0,0,0,,,0.0002547770700636054,0.0,0.9710822438345686,1.0194754609192396
2026-03-26,39.56,0,40.36,38.01,0.5699999999999996,0,0,0,,,0.007641365257259336,0.0,0.9710822438345686,1.0272656452869362
2026-03-27,39.44,0,40.36,38.01,0.5769999999999996,0,0,0,,,-0.0030333670374116384,-0.0,0.9710822438345686,1.0241495715398574
2026-03-30,39.48,0,40.36,38.01,0.5764999999999997,0,0,0,,,0.0010141987829614951,0.0,0.9710822438345686,1.0251882627888838
2026-03-31,39.32,0,40.36,38.01,0.5494999999999998,0,0,0,,,-0.00405268490374866,-0.0,0.9710822438345686,1.0210334977927789
2026-04-01,39.82,0,40.36,38.01,0.5269999999999996,0,0,0,,,0.012716174974567673,0.0,0.9710822438345686,1.0340171384056067
2026-04-02,39.76,0,40.36,38.55,0.5119999999999998,0,0,0,,,-0.0015067805123054612,-0.0,0.9710822438345686,1.0324591015320672
2026-04-03,39.4,0,40.36,38.55,0.5165,0,0,0,,,-0.00905432595573441,-0.0,0.9710822438345686,1.023110880290831
2026-04-07,38.99,0,40.36,38.55,0.5259999999999998,0,0,0,,,-0.010406091370558257,-0.0,0.9710822438345686,1.0124642949883125
2026-04-08,39.62,0,40.36,38.55,0.5359999999999996,0,0,0,,,0.01615798922800704,0.0,0.9710822438345686,1.0288236821604753
2026-04-09,39.26,0,40.36,38.55,0.5334999999999998,0,0,0,,,-0.009086320040383677,-0.0,0.9710822438345686,1.0194754609192391
2026-04-10,39.21,0,40.36,38.55,0.5334999999999998,0,0,0,,,-0.0012735608762097783,-0.0,0.9710822438345686,1.0181770968579564
2026-04-13,38.98,0,40.36,38.55,0.5129999999999999,0,0,0,,,-0.005865850548329554,-0.0,0.9710822438345686,1.0122046221760557
2026-04-14,39.13,0,40.36,38.55,0.5044999999999998,0,0,0,,,0.0038481272447410397,0.0,0.9710822438345686,1.0160997143599042
2026-04-15,39.9,0,40.36,38.55,0.5174999999999997,0,0,0,,,0.019677996422182265,0.0,0.9710822438345686,1.0360945209036587
2026-04-16,39.91,0,40.32,38.55,0.5109999999999996,0,0,0,,,0.0002506265664159457,0.0,0.9710822438345686,1.036354193715915
2026-04-17,39.52,0,40.15,38.55,0.5144999999999996,0,0,0,,,-0.009771986970683821,-0.0,0.9710822438345686,1.0262269540379096
2026-04-20,39.87,0,40.15,38.55,0.5219999999999996,0,0,0,,,0.008856275303643635,0.0,0.9710822438345686,1.035315502466889
2026-04-21,39.87,0,40.15,38.55,0.47649999999999937,0,0,0,,,0.0,0.0,0.9710822438345686,1.035315502466889
2026-04-22,39.74,0,40.15,38.73,0.4649999999999995,0,0,0,,,-0.003260596940055094,-0.0,0.9710822438345686,1.0319397559075538
2026-04-23,39.81,0,40.15,38.92,0.4589999999999993,0,0,0,,,0.001761449421238126,0.0,0.9710822438345686,1.0337574655933497
2026-04-24,39.38,0,40.15,38.92,0.45399999999999957,0,0,0,,,-0.010801306204471284,-0.0,0.9710822438345686,1.0225915346663177
2026-04-27,39.38,0,40.15,38.92,0.4649999999999995,0,0,0,,,0.0,0.0,0.9710822438345686,1.0225915346663177
2026-04-28,39.6,0,40.15,38.92,0.46149999999999985,0,0,0,,,0.005586592178770999,0.0,0.9710822438345686,1.0283043365359619
2026-04-29,38.5,0,40.15,38.92,0.502,0,0,0,,,-0.02777777777777779,-0.0,0.9710822438345686,0.9997403271877406
2026-04-30,38.27,0,40.15,38.34,0.48550000000000004,0,0,0,,,-0.005974025974025854,-0.0,0.9710822438345686,0.99376785250584
2026-05-06,38.0,0,40.15,38.12,0.49499999999999994,0,0,0,,,-0.007055134570159494,-0.0,0.9710822438345686,0.9867566865749129
2026-05-07,37.95,0,40.15,37.82,0.4829999999999998,0,0,0,,,-0.001315789473684159,-0.0,0.9710822438345686,0.9854583225136302
2026-05-08,37.94,0,40.15,37.82,0.46499999999999986,0,0,0,,,-0.0002635046113308448,-0.0,0.9710822438345686,0.9851986497013735
2026-05-11,37.97,0,40.15,37.82,0.4464999999999996,0,0,0,,,0.0007907221929361885,0.0,0.9710822438345686,0.9859776681381431
2026-05-12,37.9,0,40.15,37.7,0.43549999999999967,0,0,0,,,-0.0018435607058203685,-0.0,0.9710822438345686,0.9841599584523473
2026-05-13,37.88,0,40.15,37.7,0.4349999999999998,0,0,0,,,-0.0005277044854880009,-0.0,0.9710822438345686,0.9836406128278343
2026-05-14,37.81,0,40.15,37.7,0.43500000000000016,0,0,0,,,-0.0018479408658923502,-0.0,0.9710822438345686,0.9818229031420384
2026-05-15,37.65,0,40.15,37.7,0.4415000000000003,0,0,0,,,-0.004231684739486985,-0.0,0.9710822438345686,0.9776681381459333
2026-05-18,37.47,0,40.15,37.61,0.4175000000000001,0,0,0,,,-0.004780876494023922,-0.0,0.9710822438345686,0.9729940275253153
2026-05-19,37.37,0,40.15,37.35,0.4175000000000001,0,0,0,,,-0.002668801708033186,-0.0,0.9710822438345686,0.9703972994027497
2026-05-20,37.17,0,40.15,37.34,0.41050000000000003,0,0,0,,,-0.005351886540005291,-0.0,0.9710822438345686,0.9652038431576186
2026-05-21,37.15,0,40.15,37.17,0.39350000000000024,0,0,0,,,-0.0005380683346786208,-0.0,0.9710822438345686,0.9646844975331054
2026-05-22,37.02,0,40.15,37.11,0.39700000000000024,0,0,0,,,-0.003499327052489787,-0.0,0.9710822438345686,0.9613087509737702
2026-05-25,36.94,0,40.03,36.97,0.3945,0,0,0,,,-0.002160994057266441,-0.0,0.9710822438345686,0.9592313684757177
2026-05-26,37.0,0,39.99,36.9,0.39700000000000024,0,0,0,,,0.0016242555495398214,0.0,0.9710822438345686,0.960789405349257
2026-05-27,37.0,0,39.99,36.9,0.3949999999999999,0,0,0,,,0.0,0.0,0.9710822438345686,0.960789405349257
2026-05-28,37.12,0,39.99,36.78,0.3844999999999999,0,0,0,,,0.00324324324324321,0.0,0.9710822438345686,0.9639054790963357
2026-05-29,38.01,0,39.63,36.78,0.42149999999999965,0,0,0,,,0.0239762931034484,0.0,0.9710822438345686,0.9870163593871694
2026-06-01,38.2,0,39.02,36.78,0.3785,0,0,0,,,0.0049986845566958316,0.0,0.9710822438345686,0.9919501428200441
2026-06-02,38.8,1,38.51,36.78,0.40050000000000024,1,0,0,38.8,37.998999999999995,0.015706806282722363,0.0,0.9710822438345686,1.0075305115554374
2026-06-03,38.5,1,38.88,36.78,0.4020000000000003,0,0,0,38.8,37.998999999999995,-0.0077319587628865705,-0.0077319587628865705,0.9635738759698684,0.9997403271877408
2026-06-04,38.1,1,38.88,36.78,0.4240000000000002,0,0,0,38.8,37.998999999999995,-0.010389610389610393,-0.010389610389610393,0.9535627188169348,0.9893534146974785
2026-06-05,38.58,1,38.88,36.78,0.4400000000000002,0,0,0,38.8,37.998999999999995,0.012598425196850283,0.012598425196850283,0.9655761074004551,1.001817709685793
2026-06-08,38.5,1,38.88,36.78,0.44600000000000045,0,0,0,38.8,37.998999999999995,-0.0020736132711248745,-0.0020736132711248745,0.9635738759698684,0.9997403271877406
2026-06-09,38.49,1,38.88,36.78,0.4440000000000005,0,0,0,38.8,37.998999999999995,-0.0002597402597401821,-0.0002597402597401821,0.9633235970410452,0.9994806543754842
2026-06-10,38.9,1,38.88,36.78,0.4670000000000002,0,0,0,38.8,37.998999999999995,0.01065211743309935,0.01065211743309935,0.9735850331228021,1.0101272396780028
2026-06-11,38.73,1,39.08,36.78,0.47850000000000004,0,0,0,38.8,37.998999999999995,-0.004370179948586128,-0.004370179948586128,0.9693302913328052,1.0057128018696413
2026-06-12,39.34,1,39.09,36.78,0.5109999999999999,0,0,0,38.8,37.998999999999995,0.015750064549445053,0.015750064549445053,0.9845973059910293,1.0215528434172914
2026-06-15,38.95,1,39.35,36.78,0.5275000000000002,0,0,0,38.8,37.998999999999995,-0.009913573970513512,-0.009913573970513512,0.9748364277669189,1.0114256037392857
2026-06-16,38.57,1,39.37,36.78,0.5345000000000006,0,0,0,38.8,37.998999999999995,-0.00975609756097573,-0.00975609756097573,0.9653258284716318,1.0015580368735364
2026-06-17,38.23,1,39.37,36.78,0.5565000000000009,0,0,0,38.8,37.998999999999995,-0.008815141301529827,-0.008815141301529827,0.956816344891638,0.9927291612568133
2026-06-18,37.26,0,39.37,36.78,0.5935000000000006,0,0,1,38.8,37.998999999999995,-0.02537274391838862,-0.02537274391838862,0.9325392887957739,0.9675408984679275
2026-06-22,37.65,0,39.37,36.78,0.6230000000000004,0,0,0,,,0.01046698872785834,0.0,0.9325392887957739,0.9776681381459332
2026-06-23,37.4,0,39.37,36.78,0.6470000000000002,0,0,0,,,-0.006640106241699861,-0.0,0.9325392887957739,0.9711763178395193
2026-06-24,36.76,0,39.37,36.78,0.6690000000000002,0,0,0,,,-0.01711229946524062,-0.0,0.9325392887957739,0.9545572578550997
2026-06-25,36.23,0,39.37,36.75,0.6880000000000003,0,0,0,,,-0.01441784548422198,-0.0,0.9325392887957739,0.9407945988055022
2026-06-26,36.0,0,39.37,36.2,0.6945,0,0,0,,,-0.006348330113165823,-0.0,0.9325392887957739,0.9348221241236014
2026-06-29,36.42,0,39.37,35.88,0.7050000000000001,0,0,0,,,0.011666666666666714,0.0,0.9325392887957739,0.9457283822383769
2026-06-30,35.5,0,39.37,35.4,0.7384999999999998,0,0,0,,,-0.025260845689181854,-0.0,0.9325392887957739,0.9218384835107736
2026-07-01,35.91,0,39.37,35.35,0.7389999999999993,0,0,0,,,0.011549295774647694,0.0,0.9325392887957739,0.9324850688132922
2026-07-02,36.6,0,39.37,35.28,0.7554999999999993,0,0,0,,,0.019214703425229906,0.0,0.9325392887957739,0.9504024928589947
2026-07-03,36.83,0,39.37,35.28,0.7579999999999995,0,0,0,,,0.006284153005464477,0.0,0.9325392887957739,0.9563749675408955
2026-07-06,37.73,0,39.37,35.28,0.7899999999999991,0,0,0,,,0.024436600597339098,0.0,0.9325392887957739,0.9797455206439855
2026-07-07,37.55,0,39.37,35.28,0.7979999999999994,0,0,0,,,-0.004770739464617035,-0.0,0.9325392887957739,0.9750714100233674
2026-07-08,37.94,0,39.37,35.28,0.8269999999999993,0,0,0,,,0.01038615179760316,0.0,0.9325392887957739,0.985198649701373
2026-07-09,37.55,0,39.37,35.28,0.8204999999999995,0,0,0,,,-0.010279388508170784,-0.0,0.9325392887957739,0.9750714100233674
2026-07-10,36.88,0,39.37,35.28,0.8554999999999993,0,0,0,,,-0.017842876165113042,-0.0,0.9325392887957739,0.9576733316021783
